# This file is brought to you by Roblox Corporation
# Generated by Roblox Studio

mtllib Default_Char.mtl

g Lleg1

v 0.105976 -2.90175 0.000984265 
v 0.105976 -2.90175 0.493874 
v 0.105976 -2.90175 -0.491906 
v 0.0596527 -0.999999 -0.248511 
v 0.0596527 -0.999999 -0.498006 
v 0.0596527 -0.999999 0.499977 
v 0.0596527 -1.84876 -0.444218 
v 0.105976 -2.4657 -0.491905 
v 0.0596527 -1.84876 -0.444218 
v 0.105976 -2.4657 -0.24546 
v 0.0596527 -1.84876 -0.221617 
v 0.0596527 -1.31729 0.0009851 
v 0.0596527 -1.84876 0.223586 
v 0.0596527 -1.84876 0.0009851 
v 0.0596527 -1.31729 0.25048 
v 0.105976 -2.4657 0.000984265 
v 0.0596527 -1.84876 -0.221617 
v 0.105976 -2.4657 -0.24546 
v 0.0596527 -1.84876 -0.221617 
v 0.0596527 -1.31729 0.0009851 
v 0.0596527 -1.31729 -0.248511 
v 0.105976 -2.4657 0.000984265 
v 0.0596527 -1.84876 0.223586 
v 0.105976 -2.4657 0.24743 
v 0.105976 -2.4657 0.24743 
v 0.0596527 -1.84876 0.223586 
v 0.0596527 -1.84876 0.446187 
v 0.105976 -2.4657 0.493874 
v 0.0596527 -1.31729 0.25048 
v 0.0596527 -1.84876 0.446187 
v 0.0596527 -1.84876 0.223586 
v 0.0596527 -1.31729 0.499977 
v 0.0596527 -0.999999 -0.498006 
v 0.0596527 -1.31729 -0.498006 
v 0.0596527 -0.999999 -0.248511 
v 0.0596527 -1.31729 -0.248511 
v 0.0596527 -0.999999 0.0009851 
v 0.0596527 -1.31729 0.0009851 
v 0.0596527 -0.999999 0.25048 
v 0.0596527 -1.31729 0.25048 
v 0.0596527 -0.999999 0.499977 
v 0.0596527 -1.31729 0.499977 
v 0.0596527 -1.31729 -0.498006 
v 0.0596527 -1.84876 -0.444218 
v 0.0596527 -1.31729 -0.248511 
v 0.0596527 -1.84876 -0.221617 
v 0.105976 -2.90175 -0.491906 
v 0.105976 -2.4657 -0.491905 
v 0.105976 -2.4657 -0.24546 
v 0.105976 -2.90175 -0.24546 
v 0.105976 -2.4657 0.000984265 
v 0.105976 -2.90175 0.000984265 
v 0.105976 -2.4657 0.24743 
v 0.105976 -2.90175 0.24743 
v 0.105976 -2.4657 0.493874 
v 0.105976 -2.90175 0.493874 
v -0.704833 -1.01463 0.0009851 
v -0.704833 -1.01463 0.223587 
v -0.450005 -1.01463 0.0009851 
v -0.195176 -1.01463 -0.221617 
v -0.195176 -1.01463 0.0009851 
v -0.450005 -1.01463 -0.221617 
v -0.195176 -0.999999 -0.498006 
v -0.450005 -0.999999 -0.498006 
v -0.704833 -1.01463 -0.221617 
v -0.704833 -0.999999 -0.498006 
v -0.704833 -1.01463 -0.221617 
v -0.959662 -0.999999 0.0009851 
v -0.959662 -0.999999 -0.248511 
v -0.959662 -0.999999 0.0009851 
v -0.704833 -1.01463 0.223587 
v -0.959662 -0.999999 0.25048 
v -0.195176 -1.01463 0.223587 
v 0.0596527 -0.999999 0.0009851 
v 0.0596527 -0.999999 0.25048 
v -0.450005 -1.01463 0.223587 
v -0.450005 -0.999999 0.499977 
v -0.195176 -1.01463 0.223587 
v -0.195176 -0.999999 0.499977 
v -0.704833 -0.999999 0.499977 
v -0.959662 -0.999999 0.25048 
v -0.704833 -0.999999 0.499977 
v -0.704833 -1.01463 0.223587 
v -0.959662 -0.999999 0.499977 
v -0.959662 -0.999999 -0.498006 
v -0.959662 -0.999999 -0.248511 
v -0.704833 -0.999999 -0.498006 
v -0.704833 -1.01463 -0.221617 
v -0.195176 -0.999999 -0.498006 
v 0.0596527 -0.999999 -0.248511 
v 0.0596527 -0.999999 -0.498006 
v -0.195176 -1.01463 -0.221617 
v -0.195176 -1.01463 0.223587 
v -0.195176 -0.999999 0.499977 
v 0.0596527 -0.999999 0.25048 
v 0.0596527 -0.999999 0.499977 
v 0.0596527 -0.999999 0.0009851 
v -0.195176 -1.01463 -0.221617 
v 0.0596527 -0.999999 -0.248511 
v 0.105976 -2.90175 0.493874 
v -0.727995 -2.90175 0.493874 
v -1.00599 -2.90175 0.493874 
v -0.704833 -0.999999 0.499977 
v -0.959662 -0.999999 0.499977 
v 0.0596527 -0.999999 0.499977 
v -0.727995 -2.4657 0.493874 
v -0.959662 -1.84876 0.446187 
v -1.00599 -2.4657 0.493874 
v -0.704833 -1.84876 0.446187 
v -0.450005 -1.84876 0.446187 
v -0.704833 -1.31729 0.499977 
v -0.704833 -1.84876 0.446187 
v -0.959662 -1.31729 0.499977 
v -0.959662 -1.84876 0.446187 
v -0.704833 -1.84876 0.446187 
v -0.450005 -2.4657 0.493874 
v -0.727995 -2.4657 0.493874 
v -0.450005 -2.4657 0.493874 
v -0.195176 -1.84876 0.446187 
v -0.172014 -2.4657 0.493874 
v 0.0596527 -1.84876 0.446187 
v 0.105976 -2.4657 0.493874 
v 0.0596527 -1.31729 0.499977 
v 0.0596527 -1.84876 0.446187 
v -0.195176 -1.31729 0.499977 
v -0.195176 -1.84876 0.446187 
v 0.0596527 -1.31729 0.499977 
v -0.450005 -1.31729 0.499977 
v -0.450005 -0.999999 0.499977 
v -0.195176 -0.999999 0.499977 
v 0.0596527 -1.31729 0.499977 
v 0.0596527 -0.999999 0.499977 
v -0.704833 -0.999999 0.499977 
v -0.172014 -2.4657 0.493874 
v 0.0596527 -1.84876 0.446187 
v -0.195176 -1.84876 0.446187 
v 0.105976 -2.4657 0.493874 
v -0.959662 -0.999999 0.499977 
v -0.959662 -1.31729 0.499977 
v -1.00599 -2.90175 0.493874 
v -1.00599 -2.4657 0.493874 
v -0.727995 -2.90175 0.493874 
v -0.727995 -2.4657 0.493874 
v -0.450005 -2.90175 0.493874 
v -0.450005 -2.4657 0.493874 
v -0.172014 -2.90175 0.493874 
v -0.172014 -2.4657 0.493874 
v 0.105976 -2.90175 0.493874 
v 0.105976 -2.4657 0.493874 
v -1.00599 -2.90175 -0.24546 
v -1.00599 -2.90175 -0.491906 
v -1.00599 -2.90175 0.493874 
v -0.959662 -0.999999 -0.248511 
v -0.959662 -0.999999 0.499977 
v -0.959662 -0.999999 -0.498006 
v -0.959662 -1.84876 -0.444218 
v -1.00599 -2.4657 -0.491905 
v -1.00599 -2.4657 -0.24546 
v -0.959662 -1.84876 -0.221617 
v -0.959662 -1.84876 0.446187 
v -1.00599 -2.4657 0.493874 
v -0.959662 -1.84876 0.446187 
v -1.00599 -2.4657 0.24743 
v -0.959662 -1.84876 0.223586 
v -0.959662 -1.31729 0.499977 
v -0.959662 -1.31729 0.25048 
v -0.959662 -1.84876 0.446187 
v -0.959662 -1.84876 0.223586 
v -0.959662 -1.84876 -0.221617 
v -0.959662 -1.31729 0.0009851 
v -0.959662 -1.31729 -0.248511 
v -0.959662 -1.84876 0.0009851 
v -1.00599 -2.4657 0.000984265 
v -0.959662 -1.84876 0.223586 
v -1.00599 -2.4657 0.24743 
v -0.959662 -1.31729 0.0009851 
v -0.959662 -1.84876 0.223586 
v -0.959662 -1.31729 0.25048 
v -0.959662 -1.84876 -0.221617 
v -1.00599 -2.4657 0.000984265 
v -1.00599 -2.4657 -0.24546 
v -0.959662 -0.999999 0.499977 
v -0.959662 -1.31729 0.499977 
v -0.959662 -0.999999 0.25048 
v -0.959662 -1.31729 0.25048 
v -0.959662 -0.999999 0.0009851 
v -0.959662 -1.31729 0.0009851 
v -0.959662 -1.31729 -0.248511 
v -0.959662 -0.999999 -0.248511 
v -0.959662 -0.999999 -0.498006 
v -0.959662 -1.31729 -0.498006 
v -0.959662 -1.31729 -0.498006 
v -0.959662 -1.84876 -0.444218 
v -0.959662 -1.31729 -0.248511 
v -0.959662 -1.84876 -0.221617 
v -1.00599 -2.90175 -0.491906 
v -1.00599 -2.4657 -0.491905 
v -1.00599 -2.4657 -0.24546 
v -1.00599 -2.90175 -0.24546 
v -1.00599 -2.90175 0.000984265 
v -1.00599 -2.4657 0.000984265 
v -1.00599 -2.90175 0.24743 
v -1.00599 -2.4657 0.24743 
v -1.00599 -2.90175 0.493874 
v -1.00599 -2.4657 0.493874 
v 0.105976 -2.90175 0.000984265 
v -0.195176 -2.90347 0.223586 
v -0.195176 -2.90347 0.000984265 
v 0.105976 -2.90175 0.24743 
v 0.105976 -2.90175 0.24743 
v -0.172014 -2.90175 0.493874 
v -0.195176 -2.90347 0.223586 
v 0.105976 -2.90175 0.493874 
v -0.727995 -2.90175 -0.491906 
v -1.00599 -2.90175 -0.24546 
v -1.00599 -2.90175 -0.491906 
v -0.704833 -2.90347 -0.221617 
v -0.704833 -2.90347 0.223586 
v -0.727995 -2.90175 0.493874 
v -1.00599 -2.90175 0.24743 
v -1.00599 -2.90175 0.493874 
v -0.450005 -2.90347 0.223586 
v -0.450005 -2.90175 0.493874 
v -0.704833 -2.90347 0.223586 
v -0.727995 -2.90175 0.493874 
v -0.195176 -2.90347 0.223586 
v -0.172014 -2.90175 0.493874 
v -0.704833 -2.90347 0.000984265 
v -0.450005 -2.90347 0.000984265 
v -0.704833 -2.90347 -0.221617 
v -0.704833 -2.90347 0.223586 
v -1.00599 -2.90175 0.000984265 
v -1.00599 -2.90175 0.24743 
v -1.00599 -2.90175 0.000984265 
v -0.704833 -2.90347 -0.221617 
v -1.00599 -2.90175 -0.24546 
v -0.450005 -2.90347 -0.221617 
v -0.450005 -2.90175 -0.491906 
v -0.727995 -2.90175 -0.491906 
v -0.195176 -2.90175 -0.221617 
v -0.172014 -2.90175 -0.491906 
v -0.195176 -2.90175 -0.221617 
v 0.105976 -2.90175 0.000984265 
v 0.105976 -2.90175 -0.24546 
v 0.105976 -2.90175 -0.491906 
v 0.105976 -2.90175 -0.24546 
v -0.172014 -2.90175 -0.491906 
v -0.195176 -2.90175 -0.221617 
v -1.00599 -2.90175 -0.491906 
v -0.450005 -2.90175 -0.491906 
v 0.105976 -2.90175 -0.491906 
v -0.704833 -0.999999 -0.498006 
v -0.959662 -0.999999 -0.498006 
v 0.0596527 -0.999999 -0.498006 
v -0.172014 -2.4657 -0.491905 
v -0.195176 -1.84876 -0.444218 
v 0.0596527 -1.84876 -0.444218 
v 0.105976 -2.4657 -0.491905 
v -0.959662 -1.84876 -0.444218 
v -1.00599 -2.4657 -0.491905 
v -0.959662 -1.84876 -0.444218 
v -0.727995 -2.4657 -0.491905 
v -0.704833 -1.84876 -0.444218 
v -0.450005 -2.4657 -0.491905 
v -0.704833 -1.84876 -0.444218 
v -0.450005 -1.84876 -0.444218 
v -0.727995 -2.4657 -0.491905 
v -0.450005 -2.4657 -0.491905 
v -0.195176 -1.84876 -0.444218 
v -0.172014 -2.4657 -0.491905 
v -0.959662 -0.999999 -0.498006 
v -0.959662 -1.31729 -0.498006 
v -0.704833 -0.999999 -0.498006 
v -0.704833 -1.31729 -0.498006 
v -0.450005 -0.999999 -0.498006 
v -0.450005 -1.31729 -0.498006 
v -0.195176 -0.999999 -0.498006 
v -0.704833 -1.84876 -0.444218 
v -0.959662 -1.84876 -0.444218 
v -0.959662 -1.31729 -0.498006 
v -0.195176 -1.31729 -0.498006 
v 0.0596527 -0.999999 -0.498006 
v 0.0596527 -1.31729 -0.498006 
v -0.195176 -1.84876 -0.444218 
v 0.0596527 -1.31729 -0.498006 
v 0.0596527 -1.84876 -0.444218 
v 0.105976 -2.90175 -0.491906 
v 0.105976 -2.4657 -0.491905 
v -0.172014 -2.90175 -0.491906 
v -0.172014 -2.4657 -0.491905 
v -0.450005 -2.90175 -0.491906 
v -0.450005 -2.4657 -0.491905 
v -0.727995 -2.90175 -0.491906 
v -0.727995 -2.4657 -0.491905 
v -1.00599 -2.90175 -0.491906 
v -1.00599 -2.4657 -0.491905 

vn 0.771654 -0.637795 0 
vn 0.535433 -0.440945 0.716535 
vn 0.535433 -0.440945 -0.716535 
vn 0.755906 0.653543 0.00787402 
vn 0.535433 0.448819 -0.716535 
vn 0.535433 0.448819 0.716535 
vn 0.629921 0.015748 -0.779528 
vn 0.598425 0.0472441 -0.80315 
vn 0.629921 0.015748 -0.779528 
vn 1 0.0393701 0 
vn 1 0.0393701 0 
vn 1 0 0 
vn 1 0.0393701 0 
vn 1 0.0393701 0 
vn 1 0 0 
vn 1 0.0393701 0 
vn 1 0.0393701 0 
vn 1 0.0393701 0 
vn 1 0.0393701 0 
vn 1 0 0 
vn 1 0 0 
vn 1 0.0393701 0 
vn 1 0.0393701 0 
vn 1 0.0393701 0 
vn 1 0.0393701 0 
vn 1 0.0393701 0 
vn 0.622047 0.015748 0.779528 
vn 0.598425 0.0472441 0.80315 
vn 1 0 0 
vn 0.622047 0.015748 0.779528 
vn 1 0.0393701 0 
vn 0.582677 -0.0393701 0.811024 
vn 0.535433 0.448819 -0.716535 
vn 0.582677 -0.0393701 -0.811024 
vn 0.755906 0.653543 0.00787402 
vn 1 0 0 
vn 0.755906 0.653543 0 
vn 1 0 0 
vn 0.755906 0.653543 -0.00787402 
vn 1 0 0 
vn 0.535433 0.448819 0.716535 
vn 0.582677 -0.0393701 0.811024 
vn 0.582677 -0.0393701 -0.811024 
vn 0.629921 0.015748 -0.779528 
vn 1 0 0 
vn 1 0.0393701 0 
vn 0.535433 -0.440945 -0.716535 
vn 0.598425 0.0472441 -0.80315 
vn 1 0.0393701 0 
vn 0.771654 -0.637795 0 
vn 1 0.0393701 0 
vn 0.771654 -0.637795 0 
vn 1 0.0393701 0 
vn 0.771654 -0.637795 0 
vn 0.598425 0.0472441 0.80315 
vn 0.535433 -0.440945 0.716535 
vn 0.0314961 1 0 
vn 0.023622 1 -0.015748 
vn 0 1 0 
vn -0.023622 1 0.015748 
vn -0.0314961 1 0 
vn 0 1 0.023622 
vn -0.00787402 0.535433 -0.84252 
vn 0 0.543307 -0.84252 
vn 0.023622 1 0.015748 
vn 0.00787402 0.535433 -0.84252 
vn 0.023622 1 0.015748 
vn -0.755906 0.653543 0 
vn -0.755906 0.653543 0.00787402 
vn -0.755906 0.653543 0 
vn 0.023622 1 -0.015748 
vn -0.755906 0.653543 -0.00787402 
vn -0.023622 1 -0.015748 
vn 0.755906 0.653543 0 
vn 0.755906 0.653543 -0.00787402 
vn 0 1 -0.023622 
vn 0 0.543307 0.84252 
vn -0.023622 1 -0.015748 
vn -0.00787402 0.535433 0.84252 
vn 0.00787402 0.535433 0.84252 
vn -0.755906 0.653543 -0.00787402 
vn 0.00787402 0.535433 0.84252 
vn 0.023622 1 -0.015748 
vn -0.535433 0.448819 0.716535 
vn -0.535433 0.448819 -0.716535 
vn -0.755906 0.653543 0.00787402 
vn 0.00787402 0.535433 -0.84252 
vn 0.023622 1 0.015748 
vn -0.00787402 0.535433 -0.84252 
vn 0.755906 0.653543 0.00787402 
vn 0.535433 0.448819 -0.716535 
vn -0.023622 1 0.015748 
vn -0.023622 1 -0.015748 
vn -0.00787402 0.535433 0.84252 
vn 0.755906 0.653543 -0.00787402 
vn 0.535433 0.448819 0.716535 
vn 0.755906 0.653543 0 
vn -0.023622 1 0.015748 
vn 0.755906 0.653543 0.00787402 
vn 0.535433 -0.440945 0.716535 
vn 0 -0.527559 0.850394 
vn -0.535433 -0.440945 0.716535 
vn 0.00787402 0.535433 0.84252 
vn -0.535433 0.448819 0.716535 
vn 0.535433 0.448819 0.716535 
vn 0 0.0393701 1 
vn -0.622047 0.015748 0.779528 
vn -0.598425 0.0472441 0.80315 
vn 0 -0.015748 1 
vn 0 -0.015748 1 
vn 0 -0.0472441 1 
vn 0 -0.015748 1 
vn -0.582677 -0.0393701 0.811024 
vn -0.622047 0.015748 0.779528 
vn 0 -0.015748 1 
vn 0 0.0393701 1 
vn 0 0.0393701 1 
vn 0 0.0393701 1 
vn 0 -0.015748 1 
vn 0 0.0393701 1 
vn 0.622047 0.015748 0.779528 
vn 0.598425 0.0472441 0.80315 
vn 0.582677 -0.0393701 0.811024 
vn 0.622047 0.015748 0.779528 
vn 0 -0.0472441 1 
vn 0 -0.015748 1 
vn 0.582677 -0.0393701 0.811024 
vn 0 -0.0472441 1 
vn 0 0.543307 0.84252 
vn -0.00787402 0.535433 0.84252 
vn 0.582677 -0.0393701 0.811024 
vn 0.535433 0.448819 0.716535 
vn 0.00787402 0.535433 0.84252 
vn 0 0.0393701 1 
vn 0.622047 0.015748 0.779528 
vn 0 -0.015748 1 
vn 0.598425 0.0472441 0.80315 
vn -0.535433 0.448819 0.716535 
vn -0.582677 -0.0393701 0.811024 
vn -0.535433 -0.440945 0.716535 
vn -0.598425 0.0472441 0.80315 
vn 0 -0.527559 0.850394 
vn 0 0.0393701 1 
vn 0 -0.527559 0.850394 
vn 0 0.0393701 1 
vn 0 -0.527559 0.850394 
vn 0 0.0393701 1 
vn 0.535433 -0.440945 0.716535 
vn 0.598425 0.0472441 0.80315 
vn -0.771654 -0.637795 0 
vn -0.535433 -0.440945 -0.716535 
vn -0.535433 -0.440945 0.716535 
vn -0.755906 0.653543 0.00787402 
vn -0.535433 0.448819 0.716535 
vn -0.535433 0.448819 -0.716535 
vn -0.629921 0.015748 -0.779528 
vn -0.598425 0.0472441 -0.80315 
vn -1 0.0393701 0 
vn -1 0.0393701 0 
vn -0.622047 0.015748 0.779528 
vn -0.598425 0.0472441 0.80315 
vn -0.622047 0.015748 0.779528 
vn -1 0.0393701 0 
vn -1 0.0393701 0 
vn -0.582677 -0.0393701 0.811024 
vn -1 0 0 
vn -0.622047 0.015748 0.779528 
vn -1 0.0393701 0 
vn -1 0.0393701 0 
vn -1 0 0 
vn -1 0 0 
vn -1 0.0393701 0 
vn -1 0.0393701 0 
vn -1 0.0393701 0 
vn -1 0.0393701 0 
vn -1 0 0 
vn -1 0.0393701 0 
vn -1 0 0 
vn -1 0.0393701 0 
vn -1 0.0393701 0 
vn -1 0.0393701 0 
vn -0.535433 0.448819 0.716535 
vn -0.582677 -0.0393701 0.811024 
vn -0.755906 0.653543 -0.00787402 
vn -1 0 0 
vn -0.755906 0.653543 0 
vn -1 0 0 
vn -1 0 0 
vn -0.755906 0.653543 0.00787402 
vn -0.535433 0.448819 -0.716535 
vn -0.582677 -0.0393701 -0.811024 
vn -0.582677 -0.0393701 -0.811024 
vn -0.629921 0.015748 -0.779528 
vn -1 0 0 
vn -1 0.0393701 0 
vn -0.535433 -0.440945 -0.716535 
vn -0.598425 0.0472441 -0.80315 
vn -1 0.0393701 0 
vn -0.771654 -0.637795 0 
vn -0.771654 -0.637795 0 
vn -1 0.0393701 0 
vn -0.771654 -0.637795 0 
vn -1 0.0393701 0 
vn -0.535433 -0.440945 0.716535 
vn -0.598425 0.0472441 0.80315 
vn 0.771654 -0.637795 0 
vn 0 -1 0 
vn 0 -1 0 
vn 0.771654 -0.637795 0 
vn 0.771654 -0.637795 0 
vn 0 -0.527559 0.850394 
vn 0 -1 0 
vn 0.535433 -0.440945 0.716535 
vn 0 -0.527559 -0.850394 
vn -0.771654 -0.637795 0 
vn -0.535433 -0.440945 -0.716535 
vn 0 -1 0 
vn 0 -1 0 
vn 0 -0.527559 0.850394 
vn -0.771654 -0.637795 0 
vn -0.535433 -0.440945 0.716535 
vn 0 -1 0 
vn 0 -0.527559 0.850394 
vn 0 -1 0 
vn 0 -0.527559 0.850394 
vn 0 -1 0 
vn 0 -0.527559 0.850394 
vn 0 -1 0 
vn 0 -1 0 
vn 0 -1 0 
vn 0 -1 0 
vn -0.771654 -0.637795 0 
vn -0.771654 -0.637795 0 
vn -0.771654 -0.637795 0 
vn 0 -1 0 
vn -0.771654 -0.637795 0 
vn 0 -1 0 
vn 0 -0.527559 -0.850394 
vn 0 -0.527559 -0.850394 
vn 0 -1 0 
vn 0 -0.527559 -0.850394 
vn 0 -1 0 
vn 0.771654 -0.637795 0 
vn 0.771654 -0.637795 0 
vn 0.535433 -0.440945 -0.716535 
vn 0.771654 -0.637795 0 
vn 0 -0.527559 -0.850394 
vn 0 -1 0 
vn -0.535433 -0.440945 -0.716535 
vn 0 -0.527559 -0.850394 
vn 0.535433 -0.440945 -0.716535 
vn 0.00787402 0.535433 -0.84252 
vn -0.535433 0.448819 -0.716535 
vn 0.535433 0.448819 -0.716535 
vn 0 0.0393701 -1 
vn 0 -0.015748 -1 
vn 0.629921 0.015748 -0.779528 
vn 0.598425 0.0472441 -0.80315 
vn -0.629921 0.015748 -0.779528 
vn -0.598425 0.0472441 -0.80315 
vn -0.629921 0.015748 -0.779528 
vn 0 0.0393701 -1 
vn 0 -0.015748 -1 
vn 0 0.0393701 -1 
vn 0 -0.015748 -1 
vn 0 -0.015748 -1 
vn 0 0.0393701 -1 
vn 0 0.0393701 -1 
vn 0 -0.015748 -1 
vn 0 0.0393701 -1 
vn -0.535433 0.448819 -0.716535 
vn -0.582677 -0.0393701 -0.811024 
vn 0.00787402 0.535433 -0.84252 
vn 0 -0.0472441 -1 
vn 0 0.543307 -0.84252 
vn 0 -0.0472441 -1 
vn -0.00787402 0.535433 -0.84252 
vn 0 -0.015748 -1 
vn -0.629921 0.015748 -0.779528 
vn -0.582677 -0.0393701 -0.811024 
vn 0 -0.0472441 -1 
vn 0.535433 0.448819 -0.716535 
vn 0.582677 -0.0393701 -0.811024 
vn 0 -0.015748 -1 
vn 0.582677 -0.0393701 -0.811024 
vn 0.629921 0.015748 -0.779528 
vn 0.535433 -0.440945 -0.716535 
vn 0.598425 0.0472441 -0.80315 
vn 0 -0.527559 -0.850394 
vn 0 0.0393701 -1 
vn 0 -0.527559 -0.850394 
vn 0 0.0393701 -1 
vn 0 -0.527559 -0.850394 
vn 0 0.0393701 -1 
vn -0.535433 -0.440945 -0.716535 
vn -0.598425 0.0472441 -0.80315 

vt 36 -53.1188 
vt 35.9384 -53.1188 
vt 36.0616 -53.1188 
vt 36.0312 -52.881 
vt 36.0624 -52.881 
vt 35.9376 -52.881 
vt 36.0556 -52.9871 
vt 36.0616 -53.0642 
vt 36.0556 -52.9871 
vt 36.0308 -53.0642 
vt 36.0278 -52.9871 
vt 36 -52.9207 
vt 35.9722 -52.9871 
vt 36 -52.9871 
vt 35.9688 -52.9207 
vt 36 -53.0642 
vt 36.0278 -52.9871 
vt 36.0308 -53.0642 
vt 36.0278 -52.9871 
vt 36 -52.9207 
vt 36.0312 -52.9207 
vt 36 -53.0642 
vt 35.9722 -52.9871 
vt 35.9692 -53.0642 
vt 35.9692 -53.0642 
vt 35.9722 -52.9871 
vt 35.9444 -52.9871 
vt 35.9384 -53.0642 
vt 35.9688 -52.9207 
vt 35.9444 -52.9871 
vt 35.9722 -52.9871 
vt 35.9376 -52.9207 
vt 36.0624 -52.881 
vt 36.0624 -52.9207 
vt 36.0312 -52.881 
vt 36.0312 -52.9207 
vt 36 -52.881 
vt 36 -52.9207 
vt 35.9688 -52.881 
vt 35.9688 -52.9207 
vt 35.9376 -52.881 
vt 35.9376 -52.9207 
vt 36.0624 -52.9207 
vt 36.0556 -52.9871 
vt 36.0312 -52.9207 
vt 36.0278 -52.9871 
vt 36.0616 -53.1188 
vt 36.0616 -53.0642 
vt 36.0308 -53.0642 
vt 36.0308 -53.1188 
vt 36 -53.0642 
vt 36 -53.1188 
vt 35.9692 -53.0642 
vt 35.9692 -53.1188 
vt 35.9384 -53.0642 
vt 35.9384 -53.1188 
vt 36.0319 -53 
vt 36.0319 -52.9722 
vt 36 -53 
vt 35.9681 -53.0278 
vt 35.9681 -53 
vt 36 -53.0278 
vt 35.9681 -53.0624 
vt 36 -53.0624 
vt 36.0319 -53.0278 
vt 36.0319 -53.0624 
vt 36.0319 -53.0278 
vt 36.0637 -53 
vt 36.0637 -53.0312 
vt 36.0637 -53 
vt 36.0319 -52.9722 
vt 36.0637 -52.9688 
vt 35.9681 -52.9722 
vt 35.9363 -53 
vt 35.9363 -52.9688 
vt 36 -52.9722 
vt 36 -52.9376 
vt 35.9681 -52.9722 
vt 35.9681 -52.9376 
vt 36.0319 -52.9376 
vt 36.0637 -52.9688 
vt 36.0319 -52.9376 
vt 36.0319 -52.9722 
vt 36.0637 -52.9376 
vt 36.0637 -53.0624 
vt 36.0637 -53.0312 
vt 36.0319 -53.0624 
vt 36.0319 -53.0278 
vt 35.9681 -53.0624 
vt 35.9363 -53.0312 
vt 35.9363 -53.0624 
vt 35.9681 -53.0278 
vt 35.9681 -52.9722 
vt 35.9681 -52.9376 
vt 35.9363 -52.9688 
vt 35.9363 -52.9376 
vt 35.9363 -53 
vt 35.9681 -53.0278 
vt 35.9363 -53.0312 
vt 36.0695 -53.1188 
vt 35.9653 -53.1188 
vt 35.9305 -53.1188 
vt 35.9681 -52.881 
vt 35.9363 -52.881 
vt 36.0637 -52.881 
vt 35.9653 -53.0642 
vt 35.9363 -52.9871 
vt 35.9305 -53.0642 
vt 35.9681 -52.9871 
vt 36 -52.9871 
vt 35.9681 -52.9207 
vt 35.9681 -52.9871 
vt 35.9363 -52.9207 
vt 35.9363 -52.9871 
vt 35.9681 -52.9871 
vt 36 -53.0642 
vt 35.9653 -53.0642 
vt 36 -53.0642 
vt 36.0319 -52.9871 
vt 36.0347 -53.0642 
vt 36.0637 -52.9871 
vt 36.0695 -53.0642 
vt 36.0637 -52.9207 
vt 36.0637 -52.9871 
vt 36.0319 -52.9207 
vt 36.0319 -52.9871 
vt 36.0637 -52.9207 
vt 36 -52.9207 
vt 36 -52.881 
vt 36.0319 -52.881 
vt 36.0637 -52.9207 
vt 36.0637 -52.881 
vt 35.9681 -52.881 
vt 36.0347 -53.0642 
vt 36.0637 -52.9871 
vt 36.0319 -52.9871 
vt 36.0695 -53.0642 
vt 35.9363 -52.881 
vt 35.9363 -52.9207 
vt 35.9305 -53.1188 
vt 35.9305 -53.0642 
vt 35.9653 -53.1188 
vt 35.9653 -53.0642 
vt 36 -53.1188 
vt 36 -53.0642 
vt 36.0347 -53.1188 
vt 36.0347 -53.0642 
vt 36.0695 -53.1188 
vt 36.0695 -53.0642 
vt 35.9692 -53.1188 
vt 35.9384 -53.1188 
vt 36.0616 -53.1188 
vt 35.9688 -52.881 
vt 36.0624 -52.881 
vt 35.9376 -52.881 
vt 35.9444 -52.9871 
vt 35.9384 -53.0642 
vt 35.9692 -53.0642 
vt 35.9722 -52.9871 
vt 36.0556 -52.9871 
vt 36.0616 -53.0642 
vt 36.0556 -52.9871 
vt 36.0308 -53.0642 
vt 36.0278 -52.9871 
vt 36.0624 -52.9207 
vt 36.0312 -52.9207 
vt 36.0556 -52.9871 
vt 36.0278 -52.9871 
vt 35.9722 -52.9871 
vt 36 -52.9207 
vt 35.9688 -52.9207 
vt 36 -52.9871 
vt 36 -53.0642 
vt 36.0278 -52.9871 
vt 36.0308 -53.0642 
vt 36 -52.9207 
vt 36.0278 -52.9871 
vt 36.0312 -52.9207 
vt 35.9722 -52.9871 
vt 36 -53.0642 
vt 35.9692 -53.0642 
vt 36.0624 -52.881 
vt 36.0624 -52.9207 
vt 36.0312 -52.881 
vt 36.0312 -52.9207 
vt 36 -52.881 
vt 36 -52.9207 
vt 35.9688 -52.9207 
vt 35.9688 -52.881 
vt 35.9376 -52.881 
vt 35.9376 -52.9207 
vt 35.9376 -52.9207 
vt 35.9444 -52.9871 
vt 35.9688 -52.9207 
vt 35.9722 -52.9871 
vt 35.9384 -53.1188 
vt 35.9384 -53.0642 
vt 35.9692 -53.0642 
vt 35.9692 -53.1188 
vt 36 -53.1188 
vt 36 -53.0642 
vt 36.0308 -53.1188 
vt 36.0308 -53.0642 
vt 36.0616 -53.1188 
vt 36.0616 -53.0642 
vt 36.0695 -53 
vt 36.0319 -52.9722 
vt 36.0319 -53 
vt 36.0695 -52.9692 
vt 36.0695 -52.9692 
vt 36.0347 -52.9384 
vt 36.0319 -52.9722 
vt 36.0695 -52.9384 
vt 35.9653 -53.0616 
vt 35.9305 -53.0308 
vt 35.9305 -53.0616 
vt 35.9681 -53.0278 
vt 35.9681 -52.9722 
vt 35.9653 -52.9384 
vt 35.9305 -52.9692 
vt 35.9305 -52.9384 
vt 36 -52.9722 
vt 36 -52.9384 
vt 35.9681 -52.9722 
vt 35.9653 -52.9384 
vt 36.0319 -52.9722 
vt 36.0347 -52.9384 
vt 35.9681 -53 
vt 36 -53 
vt 35.9681 -53.0278 
vt 35.9681 -52.9722 
vt 35.9305 -53 
vt 35.9305 -52.9692 
vt 35.9305 -53 
vt 35.9681 -53.0278 
vt 35.9305 -53.0308 
vt 36 -53.0278 
vt 36 -53.0616 
vt 35.9653 -53.0616 
vt 36.0319 -53.0278 
vt 36.0347 -53.0616 
vt 36.0319 -53.0278 
vt 36.0695 -53 
vt 36.0695 -53.0308 
vt 36.0695 -53.0616 
vt 36.0695 -53.0308 
vt 36.0347 -53.0616 
vt 36.0319 -53.0278 
vt 36.0695 -53.1188 
vt 36 -53.1188 
vt 35.9305 -53.1188 
vt 36.0319 -52.881 
vt 36.0637 -52.881 
vt 35.9363 -52.881 
vt 35.9653 -53.0642 
vt 35.9681 -52.9871 
vt 35.9363 -52.9871 
vt 35.9305 -53.0642 
vt 36.0637 -52.9871 
vt 36.0695 -53.0642 
vt 36.0637 -52.9871 
vt 36.0347 -53.0642 
vt 36.0319 -52.9871 
vt 36 -53.0642 
vt 36.0319 -52.9871 
vt 36 -52.9871 
vt 36.0347 -53.0642 
vt 36 -53.0642 
vt 35.9681 -52.9871 
vt 35.9653 -53.0642 
vt 36.0637 -52.881 
vt 36.0637 -52.9207 
vt 36.0319 -52.881 
vt 36.0319 -52.9207 
vt 36 -52.881 
vt 36 -52.9207 
vt 35.9681 -52.881 
vt 36.0319 -52.9871 
vt 36.0637 -52.9871 
vt 36.0637 -52.9207 
vt 35.9681 -52.9207 
vt 35.9363 -52.881 
vt 35.9363 -52.9207 
vt 35.9681 -52.9871 
vt 35.9363 -52.9207 
vt 35.9363 -52.9871 
vt 35.9305 -53.1188 
vt 35.9305 -53.0642 
vt 35.9653 -53.1188 
vt 35.9653 -53.0642 
vt 36 -53.1188 
vt 36 -53.0642 
vt 36.0347 -53.1188 
vt 36.0347 -53.0642 
vt 36.0695 -53.1188 
vt 36.0695 -53.0642 

usemtl Lleg1Mtl

f 9/9/9 10/10/10 8/8/8 
f 10/10/10 9/9/9 11/11/11 
f 12/12/12 13/13/13 14/14/14 
f 13/13/13 12/12/12 15/15/15 
f 16/16/16 17/17/17 14/14/14 
f 17/17/17 16/16/16 18/18/18 
f 19/19/19 20/20/20 14/14/14 
f 19/19/19 21/21/21 20/20/20 
f 22/22/22 14/14/14 23/23/23 
f 22/22/22 23/23/23 24/24/24 
f 25/25/25 26/26/26 27/27/27 
f 25/25/25 27/27/27 28/28/28 
f 29/29/29 30/30/30 31/31/31 
f 30/30/30 29/29/29 32/32/32 
f 34/34/34 33/33/33 35/35/35 
f 34/34/34 35/35/35 36/36/36 
f 36/36/36 35/35/35 37/37/37 
f 36/36/36 37/37/37 38/38/38 
f 38/38/38 37/37/37 39/39/39 
f 38/38/38 39/39/39 40/40/40 
f 40/40/40 39/39/39 41/41/41 
f 40/40/40 41/41/41 42/42/42 
f 44/44/44 43/43/43 45/45/45 
f 44/44/44 45/45/45 46/46/46 
f 47/47/47 48/48/48 49/49/49 
f 47/47/47 49/49/49 50/50/50 
f 50/50/50 49/49/49 51/51/51 
f 50/50/50 51/51/51 52/52/52 
f 52/52/52 51/51/51 53/53/53 
f 52/52/52 53/53/53 54/54/54 
f 54/54/54 53/53/53 55/55/55 
f 54/54/54 55/55/55 56/56/56 
f 57/57/57 58/58/58 59/59/59 
f 60/60/60 59/59/59 61/61/61 
f 59/59/59 60/60/60 62/62/62 
f 62/62/62 57/57/57 59/59/59 
f 63/63/63 62/62/62 60/60/60 
f 64/64/64 62/62/62 63/63/63 
f 64/64/64 65/65/65 62/62/62 
f 65/65/65 57/57/57 62/62/62 
f 66/66/66 65/65/65 64/64/64 
f 67/67/67 68/68/68 57/57/57 
f 69/69/69 68/68/68 67/67/67 
f 70/70/70 71/71/71 57/57/57 
f 71/71/71 70/70/70 72/72/72 
f 61/61/61 73/73/73 74/74/74 
f 74/74/74 73/73/73 75/75/75 
f 76/76/76 77/77/77 78/78/78 
f 78/78/78 77/77/77 79/79/79 
f 76/76/76 80/80/80 77/77/77 
f 58/58/58 80/80/80 76/76/76 
f 61/61/61 76/76/76 78/78/78 
f 59/59/59 58/58/58 76/76/76 
f 76/76/76 61/61/61 59/59/59 
f 81/81/81 82/82/82 83/83/83 
f 82/82/82 81/81/81 84/84/84 
f 85/85/85 86/86/86 87/87/87 
f 87/87/87 86/86/86 88/88/88 
f 89/89/89 90/90/90 91/91/91 
f 90/90/90 89/89/89 92/92/92 
f 93/93/93 94/94/94 95/95/95 
f 95/95/95 94/94/94 96/96/96 
f 97/97/97 98/98/98 61/61/61 
f 98/98/98 97/97/97 99/99/99 
f 106/106/106 107/107/107 108/108/108 
f 107/107/107 106/106/106 109/109/109 
f 110/110/110 111/111/111 112/112/112 
f 113/113/113 112/112/112 111/111/111 
f 112/112/112 113/113/113 114/114/114 
f 115/115/115 116/116/116 110/110/110 
f 116/116/116 115/115/115 117/117/117 
f 118/118/118 119/119/119 110/110/110 
f 119/119/119 118/118/118 120/120/120 
f 124/124/124 125/125/125 126/126/126 
f 125/125/125 124/124/124 127/127/127 
f 128/128/128 126/126/126 125/125/125 
f 126/126/126 128/128/128 110/110/110 
f 125/125/125 129/129/129 128/128/128 
f 129/129/129 125/125/125 130/130/130 
f 131/131/131 130/130/130 125/125/125 
f 130/130/130 131/131/131 132/132/132 
f 133/133/133 128/128/128 129/129/129 
f 128/128/128 133/133/133 111/111/111 
f 111/111/111 110/110/110 128/128/128 
f 134/134/134 135/135/135 136/136/136 
f 135/135/135 134/134/134 137/137/137 
f 138/138/138 111/111/111 133/133/133 
f 111/111/111 138/138/138 139/139/139 
f 142/142/142 141/141/141 140/140/140 
f 141/141/141 142/142/142 143/143/143 
f 144/144/144 143/143/143 142/142/142 
f 143/143/143 144/144/144 145/145/145 
f 146/146/146 145/145/145 144/144/144 
f 145/145/145 146/146/146 147/147/147 
f 148/148/148 147/147/147 146/146/146 
f 147/147/147 148/148/148 149/149/149 
f 156/156/156 157/157/157 158/158/158 
f 156/156/156 158/158/158 159/159/159 
f 162/162/162 163/163/163 161/161/161 
f 163/163/163 162/162/162 164/164/164 
f 166/166/166 167/167/167 165/165/165 
f 166/166/166 168/168/168 167/167/167 
f 169/169/169 170/170/170 171/171/171 
f 170/170/170 169/169/169 172/172/172 
f 173/173/173 174/174/174 172/172/172 
f 174/174/174 173/173/173 175/175/175 
f 176/176/176 172/172/172 177/177/177 
f 176/176/176 177/177/177 178/178/178 
f 179/179/179 180/180/180 172/172/172 
f 179/179/179 181/181/181 180/180/180 
f 184/184/184 183/183/183 182/182/182 
f 185/185/185 183/183/183 184/184/184 
f 186/186/186 185/185/185 184/184/184 
f 187/187/187 185/185/185 186/186/186 
f 186/186/186 188/188/188 187/187/187 
f 188/188/188 186/186/186 189/189/189 
f 190/190/190 188/188/188 189/189/189 
f 188/188/188 190/190/190 191/191/191 
f 193/193/193 194/194/194 192/192/192 
f 194/194/194 193/193/193 195/195/195 
f 196/196/196 198/198/198 197/197/197 
f 198/198/198 196/196/196 199/199/199 
f 199/199/199 200/200/200 198/198/198 
f 198/198/198 200/200/200 201/201/201 
f 200/200/200 202/202/202 201/201/201 
f 201/201/201 202/202/202 203/203/203 
f 202/202/202 204/204/204 203/203/203 
f 203/203/203 204/204/204 205/205/205 
f 206/206/206 207/207/207 208/208/208 
f 207/207/207 206/206/206 209/209/209 
f 210/210/210 211/211/211 212/212/212 
f 211/211/211 210/210/210 213/213/213 
f 214/214/214 215/215/215 216/216/216 
f 215/215/215 214/214/214 217/217/217 
f 218/218/218 219/219/219 220/220/220 
f 220/220/220 219/219/219 221/221/221 
f 222/222/222 223/223/223 224/224/224 
f 224/224/224 223/223/223 225/225/225 
f 226/226/226 223/223/223 222/222/222 
f 223/223/223 226/226/226 227/227/227 
f 228/228/228 222/222/222 224/224/224 
f 229/229/229 226/226/226 222/222/222 
f 222/222/222 228/228/228 229/229/229 
f 226/226/226 229/229/229 208/208/208 
f 230/230/230 229/229/229 228/228/228 
f 231/231/231 232/232/232 228/228/228 
f 232/232/232 231/231/231 233/233/233 
f 234/234/234 235/235/235 228/228/228 
f 235/235/235 234/234/234 236/236/236 
f 229/229/229 230/230/230 237/237/237 
f 237/237/237 208/208/208 229/229/229 
f 230/230/230 238/238/238 237/237/237 
f 238/238/238 230/230/230 239/239/239 
f 238/238/238 240/240/240 237/237/237 
f 208/208/208 237/237/237 240/240/240 
f 240/240/240 238/238/238 241/241/241 
f 242/242/242 243/243/243 208/208/208 
f 244/244/244 243/243/243 242/242/242 
f 245/245/245 246/246/246 247/247/247 
f 247/247/247 246/246/246 248/248/248 
f 255/255/255 256/256/256 257/257/257 
f 257/257/257 258/258/258 255/255/255 
f 261/261/261 262/262/262 260/260/260 
f 262/262/262 261/261/261 263/263/263 
f 264/264/264 265/265/265 266/266/266 
f 265/265/265 264/264/264 267/267/267 
f 268/268/268 266/266/266 269/269/269 
f 269/269/269 270/270/270 268/268/268 
f 271/271/271 273/273/273 272/272/272 
f 273/273/273 274/274/274 272/272/272 
f 273/273/273 275/275/275 274/274/274 
f 275/275/275 276/276/276 274/274/274 
f 275/275/275 277/277/277 276/276/276 
f 278/278/278 274/274/274 276/276/276 
f 274/274/274 278/278/278 279/279/279 
f 279/279/279 280/280/280 274/274/274 
f 276/276/276 266/266/266 278/278/278 
f 277/277/277 281/281/281 276/276/276 
f 266/266/266 276/276/276 281/281/281 
f 277/277/277 282/282/282 281/281/281 
f 282/282/282 283/283/283 281/281/281 
f 281/281/281 284/284/284 266/266/266 
f 284/284/284 281/281/281 285/285/285 
f 285/285/285 286/286/286 284/284/284 
f 288/288/288 287/287/287 289/289/289 
f 290/290/290 288/288/288 289/289/289 
f 290/290/290 289/289/289 291/291/291 
f 292/292/292 290/290/290 291/291/291 
f 292/292/292 291/291/291 293/293/293 
f 294/294/294 292/292/292 293/293/293 
f 294/294/294 293/293/293 295/295/295 
f 296/296/296 294/294/294 295/295/295 

g Larm1

v -1.0572 0.942896 -0.5 
v -1.0572 0.999909 -0.443227 
v -1 0.942896 -0.443227 
v -1.0572 0.999909 0.443226 
v -1.0572 0.942896 0.5 
v -1 0.942896 0.443226 
v -1.0572 0.999909 -0.443227 
v -1 0.942896 -0.443227 
v -1.0572 -1.00009 -0.443227 
v -1.0572 -0.943079 -0.5 
v -1 -0.943079 -0.443227 
v -1.0572 -1.00009 0.443226 
v -1 -0.943079 0.443226 
v -1.0572 -0.943079 0.5 
v -1.0572 0.942896 -0.5 
v -1.0572 -0.943079 -0.5 
v -1 0.942896 -0.443227 
v -1 -0.943079 -0.443227 
v -1.0572 -0.943079 0.5 
v -1.0572 0.942896 0.5 
v -1 -0.943079 0.443226 
v -1 0.942896 0.443226 
v -1 -0.943079 -0.443227 
v -1 0.942896 -0.443227 
v -1.0572 0.999909 -0.443227 
v -1.9428 0.999909 -0.443227 
v -1.9428 0.999909 0.443226 
v -1.0572 0.999909 0.443226 
v -1.9428 -1.00009 0.443226 
v -1.9428 -0.943079 0.5 
v -2 -0.943079 0.443226 
v -1.9428 0.999909 0.443226 
v -2 0.942896 0.443226 
v -1.9428 0.942896 0.5 
v -1.9428 0.999909 0.443226 
v -1.0572 0.999909 0.443226 
v -1.9428 0.942896 0.5 
v -1.0572 0.942896 0.5 
v -1.0572 -0.943079 0.5 
v -1.9428 -1.00009 0.443226 
v -1.0572 -1.00009 0.443226 
v -1.9428 -0.943079 0.5 
v -2 -0.943079 0.443226 
v -2 0.942896 0.443226 
v -1.9428 -0.943079 0.5 
v -1.9428 0.942896 0.5 
v -1.0572 -0.943079 0.5 
v -1.0572 0.942896 0.5 
v -1.9428 -1.00009 -0.443227 
v -2 -0.943079 0.443226 
v -2 -0.943079 -0.443227 
v -1.9428 -1.00009 0.443226 
v -1.9428 0.999909 -0.443227 
v -2 0.942896 -0.443227 
v -1.9428 0.999909 0.443226 
v -2 0.942896 0.443226 
v -2 -0.943079 -0.443227 
v -2 0.942896 -0.443227 
v -2 -0.943079 0.443226 
v -2 0.942896 0.443226 
v -1.9428 -1.00009 0.443226 
v -1.0572 -1.00009 0.443226 
v -1.9428 -1.00009 -0.443227 
v -1.0572 -1.00009 -0.443227 
v -1.9428 -1.00009 -0.443227 
v -2 -0.943079 -0.443227 
v -1.9428 -0.943079 -0.5 
v -1.9428 0.999909 -0.443227 
v -1.9428 0.942896 -0.5 
v -2 0.942896 -0.443227 
v -1.0572 0.999909 -0.443227 
v -1.9428 0.999909 -0.443227 
v -1.0572 0.942896 -0.5 
v -1.9428 0.942896 -0.5 
v -1.9428 -1.00009 -0.443227 
v -1.0572 -1.00009 -0.443227 
v -1.9428 -0.943079 -0.5 
v -1.0572 -0.943079 -0.5 
v -1.0572 0.942896 -0.5 
v -1.9428 -0.943079 -0.5 
v -1.9428 0.942896 -0.5 
v -1.0572 -0.943079 -0.5 
v -2 -0.943079 -0.443227 
v -2 0.942896 -0.443227 

vn 0.338583 0.338583 -0.874016 
vn 0.338583 0.874016 -0.346457 
vn 0.874016 0.338583 -0.346457 
vn 0.338583 0.874016 0.346457 
vn 0.338583 0.338583 0.874016 
vn 0.874016 0.338583 0.346457 
vn 0.338583 0.874016 -0.346457 
vn 0.874016 0.338583 -0.346457 
vn 0.338583 -0.874016 -0.346457 
vn 0.338583 -0.338583 -0.874016 
vn 0.874016 -0.338583 -0.346457 
vn 0.338583 -0.874016 0.346457 
vn 0.874016 -0.338583 0.346457 
vn 0.338583 -0.338583 0.874016 
vn 0.338583 0.338583 -0.874016 
vn 0.338583 -0.338583 -0.874016 
vn 0.874016 0.338583 -0.346457 
vn 0.874016 -0.338583 -0.346457 
vn 0.338583 -0.338583 0.874016 
vn 0.338583 0.338583 0.874016 
vn 0.874016 -0.338583 0.346457 
vn 0.874016 0.338583 0.346457 
vn 0.874016 -0.338583 -0.346457 
vn 0.874016 0.338583 -0.346457 
vn 0.338583 0.874016 -0.346457 
vn -0.338583 0.874016 -0.346457 
vn -0.338583 0.874016 0.346457 
vn 0.338583 0.874016 0.346457 
vn -0.338583 -0.874016 0.346457 
vn -0.338583 -0.338583 0.874016 
vn -0.874016 -0.338583 0.346457 
vn -0.338583 0.874016 0.346457 
vn -0.874016 0.338583 0.346457 
vn -0.338583 0.338583 0.874016 
vn -0.338583 0.874016 0.346457 
vn 0.338583 0.874016 0.346457 
vn -0.338583 0.338583 0.874016 
vn 0.338583 0.338583 0.874016 
vn 0.338583 -0.338583 0.874016 
vn -0.338583 -0.874016 0.346457 
vn 0.338583 -0.874016 0.346457 
vn -0.338583 -0.338583 0.874016 
vn -0.874016 -0.338583 0.346457 
vn -0.874016 0.338583 0.346457 
vn -0.338583 -0.338583 0.874016 
vn -0.338583 0.338583 0.874016 
vn 0.338583 -0.338583 0.874016 
vn 0.338583 0.338583 0.874016 
vn -0.338583 -0.874016 -0.346457 
vn -0.874016 -0.338583 0.346457 
vn -0.874016 -0.338583 -0.346457 
vn -0.338583 -0.874016 0.346457 
vn -0.338583 0.874016 -0.346457 
vn -0.874016 0.338583 -0.346457 
vn -0.338583 0.874016 0.346457 
vn -0.874016 0.338583 0.346457 
vn -0.874016 -0.338583 -0.346457 
vn -0.874016 0.338583 -0.346457 
vn -0.874016 -0.338583 0.346457 
vn -0.874016 0.338583 0.346457 
vn -0.338583 -0.874016 0.346457 
vn 0.338583 -0.874016 0.346457 
vn -0.338583 -0.874016 -0.346457 
vn 0.338583 -0.874016 -0.346457 
vn -0.338583 -0.874016 -0.346457 
vn -0.874016 -0.338583 -0.346457 
vn -0.338583 -0.338583 -0.874016 
vn -0.338583 0.874016 -0.346457 
vn -0.338583 0.338583 -0.874016 
vn -0.874016 0.338583 -0.346457 
vn 0.338583 0.874016 -0.346457 
vn -0.338583 0.874016 -0.346457 
vn 0.338583 0.338583 -0.874016 
vn -0.338583 0.338583 -0.874016 
vn -0.338583 -0.874016 -0.346457 
vn 0.338583 -0.874016 -0.346457 
vn -0.338583 -0.338583 -0.874016 
vn 0.338583 -0.338583 -0.874016 
vn 0.338583 0.338583 -0.874016 
vn -0.338583 -0.338583 -0.874016 
vn -0.338583 0.338583 -0.874016 
vn 0.338583 -0.338583 -0.874016 
vn -0.874016 -0.338583 -0.346457 
vn -0.874016 0.338583 -0.346457 

vt 6.0625 -8.88213 
vt 6.0554 -8.875 
vt 6.0554 -8.88213 
vt 5.9446 -8.875 
vt 5.9375 -8.88213 
vt 5.9446 -8.88213 
vt 6.0554 -8.875 
vt 6.0554 -8.88213 
vt 6.0554 -9.125 
vt 6.0625 -9.11787 
vt 6.0554 -9.11787 
vt 5.9446 -9.125 
vt 5.9446 -9.11787 
vt 5.9375 -9.11787 
vt 6.0625 -8.88213 
vt 6.0625 -9.11787 
vt 6.0554 -8.88213 
vt 6.0554 -9.11787 
vt 5.9375 -9.11787 
vt 5.9375 -8.88213 
vt 5.9446 -9.11787 
vt 5.9446 -8.88213 
vt 6.0554 -9.11787 
vt 6.0554 -8.88213 
vt 5.94465 -9.0554 
vt 6.05535 -9.0554 
vt 6.05535 -8.9446 
vt 5.94465 -8.9446 
vt 5.94465 -9.125 
vt 5.94465 -9.11787 
vt 5.9375 -9.11787 
vt 5.94465 -8.875 
vt 5.9375 -8.88213 
vt 5.94465 -8.88213 
vt 5.94465 -8.875 
vt 6.05535 -8.875 
vt 5.94465 -8.88213 
vt 6.05535 -8.88213 
vt 6.05535 -9.11787 
vt 5.94465 -9.125 
vt 6.05535 -9.125 
vt 5.94465 -9.11787 
vt 5.9375 -9.11787 
vt 5.9375 -8.88213 
vt 5.94465 -9.11787 
vt 5.94465 -8.88213 
vt 6.05535 -9.11787 
vt 6.05535 -8.88213 
vt 5.9446 -9.125 
vt 6.0554 -9.11787 
vt 5.9446 -9.11787 
vt 6.0554 -9.125 
vt 5.9446 -8.875 
vt 5.9446 -8.88213 
vt 6.0554 -8.875 
vt 6.0554 -8.88213 
vt 5.9446 -9.11787 
vt 5.9446 -8.88213 
vt 6.0554 -9.11787 
vt 6.0554 -8.88213 
vt 5.94465 -8.9446 
vt 6.05535 -8.9446 
vt 5.94465 -9.0554 
vt 6.05535 -9.0554 
vt 6.05535 -9.125 
vt 6.0625 -9.11787 
vt 6.05535 -9.11787 
vt 6.05535 -8.875 
vt 6.05535 -8.88213 
vt 6.0625 -8.88213 
vt 5.94465 -8.875 
vt 6.05535 -8.875 
vt 5.94465 -8.88213 
vt 6.05535 -8.88213 
vt 6.05535 -9.125 
vt 5.94465 -9.125 
vt 6.05535 -9.11787 
vt 5.94465 -9.11787 
vt 5.94465 -8.88213 
vt 6.05535 -9.11787 
vt 6.05535 -8.88213 
vt 5.94465 -9.11787 
vt 6.0625 -9.11787 
vt 6.0625 -8.88213 

usemtl Lleg1Mtl

f 297/297/297 298/298/298 299/299/299 
f 300/300/300 301/301/301 302/302/302 
f 303/303/303 300/300/300 302/302/302 
f 302/302/302 304/304/304 303/303/303 
f 305/305/305 306/306/306 307/307/307 
f 307/307/307 308/308/308 305/305/305 
f 308/308/308 307/307/307 309/309/309 
f 308/308/308 309/309/309 310/310/310 
f 313/313/313 312/312/312 311/311/311 
f 312/312/312 313/313/313 314/314/314 
f 317/317/317 316/316/316 315/315/315 
f 316/316/316 317/317/317 318/318/318 
f 319/319/319 318/318/318 317/317/317 
f 319/319/319 320/320/320 318/318/318 
f 321/321/321 322/322/322 323/323/323 
f 321/321/321 323/323/323 324/324/324 
f 325/325/325 326/326/326 327/327/327 
f 328/328/328 329/329/329 330/330/330 
f 333/333/333 332/332/332 331/331/331 
f 333/333/333 334/334/334 332/332/332 
f 335/335/335 336/336/336 337/337/337 
f 336/336/336 335/335/335 338/338/338 
f 341/341/341 340/340/340 339/339/339 
f 340/340/340 341/341/341 342/342/342 
f 342/342/342 341/341/341 343/343/343 
f 343/343/343 344/344/344 342/342/342 
f 346/346/346 347/347/347 345/345/345 
f 345/345/345 348/348/348 346/346/346 
f 350/350/350 351/351/351 349/349/349 
f 351/351/351 350/350/350 352/352/352 
f 354/354/354 353/353/353 355/355/355 
f 354/354/354 355/355/355 356/356/356 
f 359/359/359 358/358/358 357/357/357 
f 359/359/359 360/360/360 358/358/358 
f 361/361/361 362/362/362 363/363/363 
f 364/364/364 365/365/365 366/366/366 
f 369/369/369 368/368/368 367/367/367 
f 368/368/368 369/369/369 370/370/370 
f 373/373/373 372/372/372 371/371/371 
f 373/373/373 374/374/374 372/372/372 
f 375/375/375 376/376/376 377/377/377 
f 376/376/376 375/375/375 378/378/378 
f 377/377/377 376/376/376 379/379/379 
f 379/379/379 380/380/380 377/377/377 

g Rleg1

v 1.10598 -2.90175 1.41856e-07 
v 1.10598 -2.90175 0.493885 
v 1.10598 -2.90175 -0.493885 
v 1.05966 -1 -0.249999 
v 1.05966 -1 -0.499998 
v 1.05966 -1 0.5 
v 1.05966 -1.84876 -0.446101 
v 1.10598 -2.4657 -0.493884 
v 1.05966 -1.84876 -0.446101 
v 1.10598 -2.4657 -0.246942 
v 1.05966 -1.84876 -0.22305 
v 1.05966 -1.31729 9.75951e-07 
v 1.05966 -1.84876 0.223051 
v 1.05966 -1.84876 9.75951e-07 
v 1.05966 -1.31729 0.25 
v 1.10598 -2.4657 1.41856e-07 
v 1.05966 -1.84876 -0.22305 
v 1.10598 -2.4657 -0.246942 
v 1.05966 -1.84876 -0.22305 
v 1.05966 -1.31729 9.75951e-07 
v 1.05966 -1.31729 -0.249999 
v 1.10598 -2.4657 1.41856e-07 
v 1.05966 -1.84876 0.223051 
v 1.10598 -2.4657 0.246943 
v 1.10598 -2.4657 0.246943 
v 1.05966 -1.84876 0.223051 
v 1.05966 -1.84876 0.446102 
v 1.10598 -2.4657 0.493885 
v 1.05966 -1.31729 0.25 
v 1.05966 -1.84876 0.446102 
v 1.05966 -1.84876 0.223051 
v 1.05966 -1.31729 0.5 
v 1.05966 -1 -0.499998 
v 1.05966 -1.31729 -0.499998 
v 1.05966 -1 -0.249999 
v 1.05966 -1.31729 -0.249999 
v 1.05966 -1 9.75951e-07 
v 1.05966 -1.31729 9.75951e-07 
v 1.05966 -1 0.25 
v 1.05966 -1.31729 0.25 
v 1.05966 -1 0.5 
v 1.05966 -1.31729 0.5 
v 1.05966 -1.31729 -0.499998 
v 1.05966 -1.84876 -0.446101 
v 1.05966 -1.31729 -0.249999 
v 1.05966 -1.84876 -0.22305 
v 1.10598 -2.90175 -0.493885 
v 1.10598 -2.4657 -0.493884 
v 1.10598 -2.4657 -0.246942 
v 1.10598 -2.90175 -0.246942 
v 1.10598 -2.4657 1.41856e-07 
v 1.10598 -2.90175 1.41856e-07 
v 1.10598 -2.4657 0.246943 
v 1.10598 -2.90175 0.246943 
v 1.10598 -2.4657 0.493885 
v 1.10598 -2.90175 0.493885 
v 0.295174 -1.01463 9.42535e-07 
v 0.295174 -1.01463 0.223052 
v 0.550002 -1.01463 9.53674e-07 
v 0.804831 -1.01463 -0.22305 
v 0.804831 -1.01463 9.64812e-07 
v 0.550002 -1.01463 -0.22305 
v 0.804831 -1 -0.499998 
v 0.550002 -1 -0.499998 
v 0.295174 -1.01463 -0.22305 
v 0.295174 -1 -0.499998 
v 0.295174 -1.01463 -0.22305 
v 0.0403447 -1 9.31396e-07 
v 0.0403447 -1 -0.249999 
v 0.0403447 -1 9.31396e-07 
v 0.295174 -1.01463 0.223052 
v 0.0403447 -1 0.25 
v 0.804831 -1.01463 0.223052 
v 1.05966 -1 9.75951e-07 
v 1.05966 -1 0.25 
v 0.550002 -1.01463 0.223052 
v 0.550002 -1 0.5 
v 0.804831 -1.01463 0.223052 
v 0.804831 -1 0.5 
v 0.295174 -1 0.5 
v 0.0403447 -1 0.25 
v 0.295174 -1 0.5 
v 0.295174 -1.01463 0.223052 
v 0.0403447 -1 0.5 
v 0.0403447 -1 -0.499998 
v 0.0403447 -1 -0.249999 
v 0.295174 -1 -0.499998 
v 0.295174 -1.01463 -0.22305 
v 0.804831 -1 -0.499998 
v 1.05966 -1 -0.249999 
v 1.05966 -1 -0.499998 
v 0.804831 -1.01463 -0.22305 
v 0.804831 -1.01463 0.223052 
v 0.804831 -1 0.5 
v 1.05966 -1 0.25 
v 1.05966 -1 0.5 
v 1.05966 -1 9.75951e-07 
v 0.804831 -1.01463 -0.22305 
v 1.05966 -1 -0.249999 
v 1.10598 -2.90175 0.493885 
v 0.272012 -2.90175 0.493885 
v -0.00597841 -2.90175 0.493885 
v 0.295174 -1 0.5 
v 0.0403447 -1 0.5 
v 1.05966 -1 0.5 
v 0.272012 -2.4657 0.493885 
v 0.0403447 -1.84876 0.446102 
v -0.00597841 -2.4657 0.493885 
v 0.295174 -1.84876 0.446102 
v 0.550002 -1.84876 0.446102 
v 0.295174 -1.31729 0.5 
v 0.295174 -1.84876 0.446102 
v 0.0403447 -1.31729 0.5 
v 0.0403447 -1.84876 0.446102 
v 0.295174 -1.84876 0.446102 
v 0.550002 -2.4657 0.493885 
v 0.272012 -2.4657 0.493885 
v 0.550002 -2.4657 0.493885 
v 0.804831 -1.84876 0.446102 
v 0.827992 -2.4657 0.493885 
v 1.05966 -1.84876 0.446102 
v 1.10598 -2.4657 0.493885 
v 1.05966 -1.31729 0.5 
v 1.05966 -1.84876 0.446102 
v 0.804831 -1.31729 0.5 
v 0.804831 -1.84876 0.446102 
v 1.05966 -1.31729 0.5 
v 0.550002 -1.31729 0.5 
v 0.550002 -1 0.5 
v 0.804831 -1 0.5 
v 1.05966 -1.31729 0.5 
v 1.05966 -1 0.5 
v 0.295174 -1 0.5 
v 0.827992 -2.4657 0.493885 
v 1.05966 -1.84876 0.446102 
v 0.804831 -1.84876 0.446102 
v 1.10598 -2.4657 0.493885 
v 0.0403447 -1 0.5 
v 0.0403447 -1.31729 0.5 
v -0.00597841 -2.90175 0.493885 
v -0.00597841 -2.4657 0.493885 
v 0.272012 -2.90175 0.493885 
v 0.272012 -2.4657 0.493885 
v 0.550002 -2.90175 0.493885 
v 0.550002 -2.4657 0.493885 
v 0.827992 -2.90175 0.493885 
v 0.827992 -2.4657 0.493885 
v 1.10598 -2.90175 0.493885 
v 1.10598 -2.4657 0.493885 
v -0.00597841 -2.90175 -0.246942 
v -0.00597841 -2.90175 -0.493885 
v -0.00597841 -2.90175 0.493885 
v 0.0403447 -1 -0.249999 
v 0.0403447 -1 0.5 
v 0.0403447 -1 -0.499998 
v 0.0403447 -1.84876 -0.446101 
v -0.00597841 -2.4657 -0.493884 
v -0.00597841 -2.4657 -0.246942 
v 0.0403447 -1.84876 -0.22305 
v 0.0403447 -1.84876 0.446102 
v -0.00597841 -2.4657 0.493885 
v 0.0403447 -1.84876 0.446102 
v -0.00597841 -2.4657 0.246943 
v 0.0403447 -1.84876 0.223051 
v 0.0403447 -1.31729 0.5 
v 0.0403447 -1.31729 0.25 
v 0.0403447 -1.84876 0.446102 
v 0.0403447 -1.84876 0.223051 
v 0.0403447 -1.84876 -0.22305 
v 0.0403447 -1.31729 9.31396e-07 
v 0.0403447 -1.31729 -0.249999 
v 0.0403447 -1.84876 9.31396e-07 
v -0.00597841 -2.4657 9.32507e-08 
v 0.0403447 -1.84876 0.223051 
v -0.00597841 -2.4657 0.246943 
v 0.0403447 -1.31729 9.31396e-07 
v 0.0403447 -1.84876 0.223051 
v 0.0403447 -1.31729 0.25 
v 0.0403447 -1.84876 -0.22305 
v -0.00597841 -2.4657 9.32507e-08 
v -0.00597841 -2.4657 -0.246942 
v 0.0403447 -1 0.5 
v 0.0403447 -1.31729 0.5 
v 0.0403447 -1 0.25 
v 0.0403447 -1.31729 0.25 
v 0.0403447 -1 9.31396e-07 
v 0.0403447 -1.31729 9.31396e-07 
v 0.0403447 -1.31729 -0.249999 
v 0.0403447 -1 -0.249999 
v 0.0403447 -1 -0.499998 
v 0.0403447 -1.31729 -0.499998 
v 0.0403447 -1.31729 -0.499998 
v 0.0403447 -1.84876 -0.446101 
v 0.0403447 -1.31729 -0.249999 
v 0.0403447 -1.84876 -0.22305 
v -0.00597841 -2.90175 -0.493885 
v -0.00597841 -2.4657 -0.493884 
v -0.00597841 -2.4657 -0.246942 
v -0.00597841 -2.90175 -0.246942 
v -0.00597841 -2.90175 9.32507e-08 
v -0.00597841 -2.4657 9.32507e-08 
v -0.00597841 -2.90175 0.246943 
v -0.00597841 -2.4657 0.246943 
v -0.00597841 -2.90175 0.493885 
v -0.00597841 -2.4657 0.493885 
v 1.10598 -2.90175 1.41856e-07 
v 0.804831 -2.90347 0.223051 
v 0.804831 -2.90347 1.28692e-07 
v 1.10598 -2.90175 0.246943 
v 1.10598 -2.90175 0.246943 
v 0.827992 -2.90175 0.493885 
v 0.804831 -2.90347 0.223051 
v 1.10598 -2.90175 0.493885 
v 0.272012 -2.90175 -0.493885 
v -0.00597841 -2.90175 -0.246942 
v -0.00597841 -2.90175 -0.493885 
v 0.295174 -2.90347 -0.223051 
v 0.295174 -2.90347 0.223051 
v 0.272012 -2.90175 0.493885 
v -0.00597841 -2.90175 0.246943 
v -0.00597841 -2.90175 0.493885 
v 0.550002 -2.90347 0.223051 
v 0.550002 -2.90175 0.493885 
v 0.295174 -2.90347 0.223051 
v 0.272012 -2.90175 0.493885 
v 0.804831 -2.90347 0.223051 
v 0.827992 -2.90175 0.493885 
v 0.295174 -2.90347 1.06414e-07 
v 0.550002 -2.90347 1.17553e-07 
v 0.295174 -2.90347 -0.223051 
v 0.295174 -2.90347 0.223051 
v -0.00597841 -2.90175 9.32507e-08 
v -0.00597841 -2.90175 0.246943 
v -0.00597841 -2.90175 9.32507e-08 
v 0.295174 -2.90347 -0.223051 
v -0.00597841 -2.90175 -0.246942 
v 0.550002 -2.90347 -0.223051 
v 0.550002 -2.90175 -0.493885 
v 0.272012 -2.90175 -0.493885 
v 0.804831 -2.90175 -0.223051 
v 0.827993 -2.90175 -0.493885 
v 0.804831 -2.90175 -0.223051 
v 1.10598 -2.90175 1.41856e-07 
v 1.10598 -2.90175 -0.246942 
v 1.10598 -2.90175 -0.493885 
v 1.10598 -2.90175 -0.246942 
v 0.827993 -2.90175 -0.493885 
v 0.804831 -2.90175 -0.223051 
v -0.00597841 -2.90175 -0.493885 
v 0.550002 -2.90175 -0.493885 
v 1.10598 -2.90175 -0.493885 
v 0.295174 -1 -0.499998 
v 0.0403447 -1 -0.499998 
v 1.05966 -1 -0.499998 
v 0.827993 -2.4657 -0.493884 
v 0.804831 -1.84876 -0.446101 
v 1.05966 -1.84876 -0.446101 
v 1.10598 -2.4657 -0.493884 
v 0.0403447 -1.84876 -0.446101 
v -0.00597841 -2.4657 -0.493884 
v 0.0403447 -1.84876 -0.446101 
v 0.272012 -2.4657 -0.493884 
v 0.295174 -1.84876 -0.446101 
v 0.550002 -2.4657 -0.493884 
v 0.295174 -1.84876 -0.446101 
v 0.550002 -1.84876 -0.446101 
v 0.272012 -2.4657 -0.493884 
v 0.550002 -2.4657 -0.493884 
v 0.804831 -1.84876 -0.446101 
v 0.827993 -2.4657 -0.493884 
v 0.0403447 -1 -0.499998 
v 0.0403447 -1.31729 -0.499998 
v 0.295174 -1 -0.499998 
v 0.295174 -1.31729 -0.499998 
v 0.550002 -1 -0.499998 
v 0.550002 -1.31729 -0.499998 
v 0.804831 -1 -0.499998 
v 0.295174 -1.84876 -0.446101 
v 0.0403447 -1.84876 -0.446101 
v 0.0403447 -1.31729 -0.499998 
v 0.804831 -1.31729 -0.499998 
v 1.05966 -1 -0.499998 
v 1.05966 -1.31729 -0.499998 
v 0.804831 -1.84876 -0.446101 
v 1.05966 -1.31729 -0.499998 
v 1.05966 -1.84876 -0.446101 
v 1.10598 -2.90175 -0.493885 
v 1.10598 -2.4657 -0.493884 
v 0.827993 -2.90175 -0.493885 
v 0.827993 -2.4657 -0.493884 
v 0.550002 -2.90175 -0.493885 
v 0.550002 -2.4657 -0.493884 
v 0.272012 -2.90175 -0.493885 
v 0.272012 -2.4657 -0.493884 
v -0.00597841 -2.90175 -0.493885 
v -0.00597841 -2.4657 -0.493884 

vn 0.771654 -0.637795 0 
vn 0.535433 -0.448819 0.716535 
vn 0.535433 -0.448819 -0.716535 
vn 0.755906 0.653543 0.00787402 
vn 0.535433 0.448819 -0.716535 
vn 0.535433 0.448819 0.716535 
vn 0.629921 0.015748 -0.779528 
vn 0.598425 0.0472441 -0.80315 
vn 0.629921 0.015748 -0.779528 
vn 1 0.0393701 0 
vn 1 0.0393701 0 
vn 1 0 0 
vn 1 0.0393701 0 
vn 1 0.0393701 0 
vn 1 0 0 
vn 1 0.0393701 0 
vn 1 0.0393701 0 
vn 1 0.0393701 0 
vn 1 0.0393701 0 
vn 1 0 0 
vn 1 0 0 
vn 1 0.0393701 0 
vn 1 0.0393701 0 
vn 1 0.0393701 0 
vn 1 0.0393701 0 
vn 1 0.0393701 0 
vn 0.629921 0.015748 0.779528 
vn 0.598425 0.0472441 0.80315 
vn 1 0 0 
vn 0.629921 0.015748 0.779528 
vn 1 0.0393701 0 
vn 0.582677 -0.0393701 0.811024 
vn 0.535433 0.448819 -0.716535 
vn 0.582677 -0.0393701 -0.811024 
vn 0.755906 0.653543 0.00787402 
vn 1 0 0 
vn 0.755906 0.653543 0 
vn 1 0 0 
vn 0.755906 0.653543 -0.00787402 
vn 1 0 0 
vn 0.535433 0.448819 0.716535 
vn 0.582677 -0.0393701 0.811024 
vn 0.582677 -0.0393701 -0.811024 
vn 0.629921 0.015748 -0.779528 
vn 1 0 0 
vn 1 0.0393701 0 
vn 0.535433 -0.448819 -0.716535 
vn 0.598425 0.0472441 -0.80315 
vn 1 0.0393701 0 
vn 0.771654 -0.637795 0 
vn 1 0.0393701 0 
vn 0.771654 -0.637795 0 
vn 1 0.0393701 0 
vn 0.771654 -0.637795 0 
vn 0.598425 0.0472441 0.80315 
vn 0.535433 -0.448819 0.716535 
vn 0.0314961 1 0 
vn 0.023622 1 -0.015748 
vn 0 1 0 
vn -0.023622 1 0.015748 
vn -0.0314961 1 0 
vn 0 1 0.023622 
vn -0.00787402 0.535433 -0.84252 
vn 0 0.543307 -0.84252 
vn 0.023622 1 0.015748 
vn 0.00787402 0.535433 -0.84252 
vn 0.023622 1 0.015748 
vn -0.755906 0.653543 0 
vn -0.755906 0.653543 0.00787402 
vn -0.755906 0.653543 0 
vn 0.023622 1 -0.015748 
vn -0.755906 0.653543 -0.00787402 
vn -0.023622 1 -0.015748 
vn 0.755906 0.653543 0 
vn 0.755906 0.653543 -0.00787402 
vn 0 1 -0.023622 
vn 0 0.543307 0.84252 
vn -0.023622 1 -0.015748 
vn -0.00787402 0.535433 0.84252 
vn 0.00787402 0.535433 0.84252 
vn -0.755906 0.653543 -0.00787402 
vn 0.00787402 0.535433 0.84252 
vn 0.023622 1 -0.015748 
vn -0.535433 0.448819 0.716535 
vn -0.535433 0.448819 -0.716535 
vn -0.755906 0.653543 0.00787402 
vn 0.00787402 0.535433 -0.84252 
vn 0.023622 1 0.015748 
vn -0.00787402 0.535433 -0.84252 
vn 0.755906 0.653543 0.00787402 
vn 0.535433 0.448819 -0.716535 
vn -0.023622 1 0.015748 
vn -0.023622 1 -0.015748 
vn -0.00787402 0.535433 0.84252 
vn 0.755906 0.653543 -0.00787402 
vn 0.535433 0.448819 0.716535 
vn 0.755906 0.653543 0 
vn -0.023622 1 0.015748 
vn 0.755906 0.653543 0.00787402 
vn 0.535433 -0.448819 0.716535 
vn 0 -0.527559 0.850394 
vn -0.535433 -0.448819 0.716535 
vn 0.00787402 0.535433 0.84252 
vn -0.535433 0.448819 0.716535 
vn 0.535433 0.448819 0.716535 
vn 0 0.0393701 1 
vn -0.629921 0.015748 0.779528 
vn -0.598425 0.0472441 0.80315 
vn 0 -0.015748 1 
vn 0 -0.015748 1 
vn 0 -0.0472441 1 
vn 0 -0.015748 1 
vn -0.582677 -0.0393701 0.811024 
vn -0.629921 0.015748 0.779528 
vn 0 -0.015748 1 
vn 0 0.0393701 1 
vn 0 0.0393701 1 
vn 0 0.0393701 1 
vn 0 -0.015748 1 
vn 0 0.0393701 1 
vn 0.629921 0.015748 0.779528 
vn 0.598425 0.0472441 0.80315 
vn 0.582677 -0.0393701 0.811024 
vn 0.629921 0.015748 0.779528 
vn 0 -0.0472441 1 
vn 0 -0.015748 1 
vn 0.582677 -0.0393701 0.811024 
vn 0 -0.0472441 1 
vn 0 0.543307 0.84252 
vn -0.00787402 0.535433 0.84252 
vn 0.582677 -0.0393701 0.811024 
vn 0.535433 0.448819 0.716535 
vn 0.00787402 0.535433 0.84252 
vn 0 0.0393701 1 
vn 0.629921 0.015748 0.779528 
vn 0 -0.015748 1 
vn 0.598425 0.0472441 0.80315 
vn -0.535433 0.448819 0.716535 
vn -0.582677 -0.0393701 0.811024 
vn -0.535433 -0.448819 0.716535 
vn -0.598425 0.0472441 0.80315 
vn 0 -0.527559 0.850394 
vn 0 0.0393701 1 
vn 0 -0.527559 0.850394 
vn 0 0.0393701 1 
vn 0 -0.527559 0.850394 
vn 0 0.0393701 1 
vn 0.535433 -0.448819 0.716535 
vn 0.598425 0.0472441 0.80315 
vn -0.771654 -0.637795 0 
vn -0.535433 -0.448819 -0.716535 
vn -0.535433 -0.448819 0.716535 
vn -0.755906 0.653543 0.00787402 
vn -0.535433 0.448819 0.716535 
vn -0.535433 0.448819 -0.716535 
vn -0.629921 0.015748 -0.779528 
vn -0.598425 0.0472441 -0.80315 
vn -1 0.0393701 0 
vn -1 0.0393701 0 
vn -0.629921 0.015748 0.779528 
vn -0.598425 0.0472441 0.80315 
vn -0.629921 0.015748 0.779528 
vn -1 0.0393701 0 
vn -1 0.0393701 0 
vn -0.582677 -0.0393701 0.811024 
vn -1 0 0 
vn -0.629921 0.015748 0.779528 
vn -1 0.0393701 0 
vn -1 0.0393701 0 
vn -1 0 0 
vn -1 0 0 
vn -1 0.0393701 0 
vn -1 0.0393701 0 
vn -1 0.0393701 0 
vn -1 0.0393701 0 
vn -1 0 0 
vn -1 0.0393701 0 
vn -1 0 0 
vn -1 0.0393701 0 
vn -1 0.0393701 0 
vn -1 0.0393701 0 
vn -0.535433 0.448819 0.716535 
vn -0.582677 -0.0393701 0.811024 
vn -0.755906 0.653543 -0.00787402 
vn -1 0 0 
vn -0.755906 0.653543 0 
vn -1 0 0 
vn -1 0 0 
vn -0.755906 0.653543 0.00787402 
vn -0.535433 0.448819 -0.716535 
vn -0.582677 -0.0393701 -0.811024 
vn -0.582677 -0.0393701 -0.811024 
vn -0.629921 0.015748 -0.779528 
vn -1 0 0 
vn -1 0.0393701 0 
vn -0.535433 -0.448819 -0.716535 
vn -0.598425 0.0472441 -0.80315 
vn -1 0.0393701 0 
vn -0.771654 -0.637795 0 
vn -0.771654 -0.637795 0 
vn -1 0.0393701 0 
vn -0.771654 -0.637795 0 
vn -1 0.0393701 0 
vn -0.535433 -0.448819 0.716535 
vn -0.598425 0.0472441 0.80315 
vn 0.771654 -0.637795 0 
vn 0 -1 0 
vn 0 -1 0 
vn 0.771654 -0.637795 0 
vn 0.771654 -0.637795 0 
vn 0 -0.527559 0.850394 
vn 0 -1 0 
vn 0.535433 -0.448819 0.716535 
vn 0 -0.527559 -0.850394 
vn -0.771654 -0.637795 0 
vn -0.535433 -0.448819 -0.716535 
vn 0 -1 0 
vn 0 -1 0 
vn 0 -0.527559 0.850394 
vn -0.771654 -0.637795 0 
vn -0.535433 -0.448819 0.716535 
vn 0 -1 0 
vn 0 -0.527559 0.850394 
vn 0 -1 0 
vn 0 -0.527559 0.850394 
vn 0 -1 0 
vn 0 -0.527559 0.850394 
vn 0 -1 0 
vn 0 -1 0 
vn 0 -1 0 
vn 0 -1 0 
vn -0.771654 -0.637795 0 
vn -0.771654 -0.637795 0 
vn -0.771654 -0.637795 0 
vn 0 -1 0 
vn -0.771654 -0.637795 0 
vn 0 -1 0 
vn 0 -0.527559 -0.850394 
vn 0 -0.527559 -0.850394 
vn 0 -1 0 
vn 0 -0.527559 -0.850394 
vn 0 -1 0 
vn 0.771654 -0.637795 0 
vn 0.771654 -0.637795 0 
vn 0.535433 -0.448819 -0.716535 
vn 0.771654 -0.637795 0 
vn 0 -0.527559 -0.850394 
vn 0 -1 0 
vn -0.535433 -0.448819 -0.716535 
vn 0 -0.527559 -0.850394 
vn 0.535433 -0.448819 -0.716535 
vn 0.00787402 0.535433 -0.84252 
vn -0.535433 0.448819 -0.716535 
vn 0.535433 0.448819 -0.716535 
vn 0 0.0393701 -1 
vn 0 -0.015748 -1 
vn 0.629921 0.015748 -0.779528 
vn 0.598425 0.0472441 -0.80315 
vn -0.629921 0.015748 -0.779528 
vn -0.598425 0.0472441 -0.80315 
vn -0.629921 0.015748 -0.779528 
vn 0 0.0393701 -1 
vn 0 -0.015748 -1 
vn 0 0.0393701 -1 
vn 0 -0.015748 -1 
vn 0 -0.015748 -1 
vn 0 0.0393701 -1 
vn 0 0.0393701 -1 
vn 0 -0.015748 -1 
vn 0 0.0393701 -1 
vn -0.535433 0.448819 -0.716535 
vn -0.582677 -0.0393701 -0.811024 
vn 0.00787402 0.535433 -0.84252 
vn 0 -0.0472441 -1 
vn 0 0.543307 -0.84252 
vn 0 -0.0472441 -1 
vn -0.00787402 0.535433 -0.84252 
vn 0 -0.015748 -1 
vn -0.629921 0.015748 -0.779528 
vn -0.582677 -0.0393701 -0.811024 
vn 0 -0.0472441 -1 
vn 0.535433 0.448819 -0.716535 
vn 0.582677 -0.0393701 -0.811024 
vn 0 -0.015748 -1 
vn 0.582677 -0.0393701 -0.811024 
vn 0.629921 0.015748 -0.779528 
vn 0.535433 -0.448819 -0.716535 
vn 0.598425 0.0472441 -0.80315 
vn 0 -0.527559 -0.850394 
vn 0 0.0393701 -1 
vn 0 -0.527559 -0.850394 
vn 0 0.0393701 -1 
vn 0 -0.527559 -0.850394 
vn 0 0.0393701 -1 
vn -0.535433 -0.448819 -0.716535 
vn -0.598425 0.0472441 -0.80315 

vt 42 -45.1188 
vt 41.9383 -45.1188 
vt 42.0617 -45.1188 
vt 42.0312 -44.881 
vt 42.0625 -44.881 
vt 41.9375 -44.881 
vt 42.0558 -44.9871 
vt 42.0617 -45.0642 
vt 42.0558 -44.9871 
vt 42.0309 -45.0642 
vt 42.0279 -44.9871 
vt 42 -44.9207 
vt 41.9721 -44.9871 
vt 42 -44.9871 
vt 41.9688 -44.9207 
vt 42 -45.0642 
vt 42.0279 -44.9871 
vt 42.0309 -45.0642 
vt 42.0279 -44.9871 
vt 42 -44.9207 
vt 42.0312 -44.9207 
vt 42 -45.0642 
vt 41.9721 -44.9871 
vt 41.9691 -45.0642 
vt 41.9691 -45.0642 
vt 41.9721 -44.9871 
vt 41.9442 -44.9871 
vt 41.9383 -45.0642 
vt 41.9688 -44.9207 
vt 41.9442 -44.9871 
vt 41.9721 -44.9871 
vt 41.9375 -44.9207 
vt 42.0625 -44.881 
vt 42.0625 -44.9207 
vt 42.0312 -44.881 
vt 42.0312 -44.9207 
vt 42 -44.881 
vt 42 -44.9207 
vt 41.9688 -44.881 
vt 41.9688 -44.9207 
vt 41.9375 -44.881 
vt 41.9375 -44.9207 
vt 42.0625 -44.9207 
vt 42.0558 -44.9871 
vt 42.0312 -44.9207 
vt 42.0279 -44.9871 
vt 42.0617 -45.1188 
vt 42.0617 -45.0642 
vt 42.0309 -45.0642 
vt 42.0309 -45.1188 
vt 42 -45.0642 
vt 42 -45.1188 
vt 41.9691 -45.0642 
vt 41.9691 -45.1188 
vt 41.9383 -45.0642 
vt 41.9383 -45.1188 
vt 42.0319 -45 
vt 42.0319 -44.9721 
vt 42 -45 
vt 41.9681 -45.0279 
vt 41.9681 -45 
vt 42 -45.0279 
vt 41.9681 -45.0625 
vt 42 -45.0625 
vt 42.0319 -45.0279 
vt 42.0319 -45.0625 
vt 42.0319 -45.0279 
vt 42.0637 -45 
vt 42.0637 -45.0312 
vt 42.0637 -45 
vt 42.0319 -44.9721 
vt 42.0637 -44.9688 
vt 41.9681 -44.9721 
vt 41.9363 -45 
vt 41.9363 -44.9688 
vt 42 -44.9721 
vt 42 -44.9375 
vt 41.9681 -44.9721 
vt 41.9681 -44.9375 
vt 42.0319 -44.9375 
vt 42.0637 -44.9688 
vt 42.0319 -44.9375 
vt 42.0319 -44.9721 
vt 42.0637 -44.9375 
vt 42.0637 -45.0625 
vt 42.0637 -45.0312 
vt 42.0319 -45.0625 
vt 42.0319 -45.0279 
vt 41.9681 -45.0625 
vt 41.9363 -45.0312 
vt 41.9363 -45.0625 
vt 41.9681 -45.0279 
vt 41.9681 -44.9721 
vt 41.9681 -44.9375 
vt 41.9363 -44.9688 
vt 41.9363 -44.9375 
vt 41.9363 -45 
vt 41.9681 -45.0279 
vt 41.9363 -45.0312 
vt 42.0695 -45.1188 
vt 41.9653 -45.1188 
vt 41.9305 -45.1188 
vt 41.9681 -44.881 
vt 41.9363 -44.881 
vt 42.0637 -44.881 
vt 41.9653 -45.0642 
vt 41.9363 -44.9871 
vt 41.9305 -45.0642 
vt 41.9681 -44.9871 
vt 42 -44.9871 
vt 41.9681 -44.9207 
vt 41.9681 -44.9871 
vt 41.9363 -44.9207 
vt 41.9363 -44.9871 
vt 41.9681 -44.9871 
vt 42 -45.0642 
vt 41.9653 -45.0642 
vt 42 -45.0642 
vt 42.0319 -44.9871 
vt 42.0347 -45.0642 
vt 42.0637 -44.9871 
vt 42.0695 -45.0642 
vt 42.0637 -44.9207 
vt 42.0637 -44.9871 
vt 42.0319 -44.9207 
vt 42.0319 -44.9871 
vt 42.0637 -44.9207 
vt 42 -44.9207 
vt 42 -44.881 
vt 42.0319 -44.881 
vt 42.0637 -44.9207 
vt 42.0637 -44.881 
vt 41.9681 -44.881 
vt 42.0347 -45.0642 
vt 42.0637 -44.9871 
vt 42.0319 -44.9871 
vt 42.0695 -45.0642 
vt 41.9363 -44.881 
vt 41.9363 -44.9207 
vt 41.9305 -45.1188 
vt 41.9305 -45.0642 
vt 41.9653 -45.1188 
vt 41.9653 -45.0642 
vt 42 -45.1188 
vt 42 -45.0642 
vt 42.0347 -45.1188 
vt 42.0347 -45.0642 
vt 42.0695 -45.1188 
vt 42.0695 -45.0642 
vt 41.9691 -45.1188 
vt 41.9383 -45.1188 
vt 42.0617 -45.1188 
vt 41.9688 -44.881 
vt 42.0625 -44.881 
vt 41.9375 -44.881 
vt 41.9442 -44.9871 
vt 41.9383 -45.0642 
vt 41.9691 -45.0642 
vt 41.9721 -44.9871 
vt 42.0558 -44.9871 
vt 42.0617 -45.0642 
vt 42.0558 -44.9871 
vt 42.0309 -45.0642 
vt 42.0279 -44.9871 
vt 42.0625 -44.9207 
vt 42.0312 -44.9207 
vt 42.0558 -44.9871 
vt 42.0279 -44.9871 
vt 41.9721 -44.9871 
vt 42 -44.9207 
vt 41.9688 -44.9207 
vt 42 -44.9871 
vt 42 -45.0642 
vt 42.0279 -44.9871 
vt 42.0309 -45.0642 
vt 42 -44.9207 
vt 42.0279 -44.9871 
vt 42.0312 -44.9207 
vt 41.9721 -44.9871 
vt 42 -45.0642 
vt 41.9691 -45.0642 
vt 42.0625 -44.881 
vt 42.0625 -44.9207 
vt 42.0312 -44.881 
vt 42.0312 -44.9207 
vt 42 -44.881 
vt 42 -44.9207 
vt 41.9688 -44.9207 
vt 41.9688 -44.881 
vt 41.9375 -44.881 
vt 41.9375 -44.9207 
vt 41.9375 -44.9207 
vt 41.9442 -44.9871 
vt 41.9688 -44.9207 
vt 41.9721 -44.9871 
vt 41.9383 -45.1188 
vt 41.9383 -45.0642 
vt 41.9691 -45.0642 
vt 41.9691 -45.1188 
vt 42 -45.1188 
vt 42 -45.0642 
vt 42.0309 -45.1188 
vt 42.0309 -45.0642 
vt 42.0617 -45.1188 
vt 42.0617 -45.0642 
vt 42.0695 -45 
vt 42.0319 -44.9721 
vt 42.0319 -45 
vt 42.0695 -44.9691 
vt 42.0695 -44.9691 
vt 42.0347 -44.9383 
vt 42.0319 -44.9721 
vt 42.0695 -44.9383 
vt 41.9653 -45.0617 
vt 41.9305 -45.0309 
vt 41.9305 -45.0617 
vt 41.9681 -45.0279 
vt 41.9681 -44.9721 
vt 41.9653 -44.9383 
vt 41.9305 -44.9691 
vt 41.9305 -44.9383 
vt 42 -44.9721 
vt 42 -44.9383 
vt 41.9681 -44.9721 
vt 41.9653 -44.9383 
vt 42.0319 -44.9721 
vt 42.0347 -44.9383 
vt 41.9681 -45 
vt 42 -45 
vt 41.9681 -45.0279 
vt 41.9681 -44.9721 
vt 41.9305 -45 
vt 41.9305 -44.9691 
vt 41.9305 -45 
vt 41.9681 -45.0279 
vt 41.9305 -45.0309 
vt 42 -45.0279 
vt 42 -45.0617 
vt 41.9653 -45.0617 
vt 42.0319 -45.0279 
vt 42.0347 -45.0617 
vt 42.0319 -45.0279 
vt 42.0695 -45 
vt 42.0695 -45.0309 
vt 42.0695 -45.0617 
vt 42.0695 -45.0309 
vt 42.0347 -45.0617 
vt 42.0319 -45.0279 
vt 42.0695 -45.1188 
vt 42 -45.1188 
vt 41.9305 -45.1188 
vt 42.0319 -44.881 
vt 42.0637 -44.881 
vt 41.9363 -44.881 
vt 41.9653 -45.0642 
vt 41.9681 -44.9871 
vt 41.9363 -44.9871 
vt 41.9305 -45.0642 
vt 42.0637 -44.9871 
vt 42.0695 -45.0642 
vt 42.0637 -44.9871 
vt 42.0347 -45.0642 
vt 42.0319 -44.9871 
vt 42 -45.0642 
vt 42.0319 -44.9871 
vt 42 -44.9871 
vt 42.0347 -45.0642 
vt 42 -45.0642 
vt 41.9681 -44.9871 
vt 41.9653 -45.0642 
vt 42.0637 -44.881 
vt 42.0637 -44.9207 
vt 42.0319 -44.881 
vt 42.0319 -44.9207 
vt 42 -44.881 
vt 42 -44.9207 
vt 41.9681 -44.881 
vt 42.0319 -44.9871 
vt 42.0637 -44.9871 
vt 42.0637 -44.9207 
vt 41.9681 -44.9207 
vt 41.9363 -44.881 
vt 41.9363 -44.9207 
vt 41.9681 -44.9871 
vt 41.9363 -44.9207 
vt 41.9363 -44.9871 
vt 41.9305 -45.1188 
vt 41.9305 -45.0642 
vt 41.9653 -45.1188 
vt 41.9653 -45.0642 
vt 42 -45.1188 
vt 42 -45.0642 
vt 42.0347 -45.1188 
vt 42.0347 -45.0642 
vt 42.0695 -45.1188 
vt 42.0695 -45.0642 

usemtl Lleg1Mtl

f 389/389/389 390/390/390 388/388/388 
f 390/390/390 389/389/389 391/391/391 
f 392/392/392 393/393/393 394/394/394 
f 393/393/393 392/392/392 395/395/395 
f 396/396/396 397/397/397 394/394/394 
f 397/397/397 396/396/396 398/398/398 
f 399/399/399 400/400/400 394/394/394 
f 399/399/399 401/401/401 400/400/400 
f 402/402/402 394/394/394 403/403/403 
f 402/402/402 403/403/403 404/404/404 
f 405/405/405 406/406/406 407/407/407 
f 405/405/405 407/407/407 408/408/408 
f 409/409/409 410/410/410 411/411/411 
f 410/410/410 409/409/409 412/412/412 
f 414/414/414 413/413/413 415/415/415 
f 414/414/414 415/415/415 416/416/416 
f 416/416/416 415/415/415 417/417/417 
f 416/416/416 417/417/417 418/418/418 
f 418/418/418 417/417/417 419/419/419 
f 418/418/418 419/419/419 420/420/420 
f 420/420/420 419/419/419 421/421/421 
f 420/420/420 421/421/421 422/422/422 
f 424/424/424 423/423/423 425/425/425 
f 424/424/424 425/425/425 426/426/426 
f 427/427/427 428/428/428 429/429/429 
f 427/427/427 429/429/429 430/430/430 
f 430/430/430 429/429/429 431/431/431 
f 430/430/430 431/431/431 432/432/432 
f 432/432/432 431/431/431 433/433/433 
f 432/432/432 433/433/433 434/434/434 
f 434/434/434 433/433/433 435/435/435 
f 434/434/434 435/435/435 436/436/436 
f 437/437/437 438/438/438 439/439/439 
f 440/440/440 439/439/439 441/441/441 
f 439/439/439 440/440/440 442/442/442 
f 442/442/442 437/437/437 439/439/439 
f 443/443/443 442/442/442 440/440/440 
f 444/444/444 442/442/442 443/443/443 
f 444/444/444 445/445/445 442/442/442 
f 445/445/445 437/437/437 442/442/442 
f 446/446/446 445/445/445 444/444/444 
f 447/447/447 448/448/448 437/437/437 
f 449/449/449 448/448/448 447/447/447 
f 450/450/450 451/451/451 437/437/437 
f 451/451/451 450/450/450 452/452/452 
f 441/441/441 453/453/453 454/454/454 
f 454/454/454 453/453/453 455/455/455 
f 456/456/456 457/457/457 458/458/458 
f 458/458/458 457/457/457 459/459/459 
f 456/456/456 460/460/460 457/457/457 
f 438/438/438 460/460/460 456/456/456 
f 441/441/441 456/456/456 458/458/458 
f 439/439/439 438/438/438 456/456/456 
f 456/456/456 441/441/441 439/439/439 
f 461/461/461 462/462/462 463/463/463 
f 462/462/462 461/461/461 464/464/464 
f 465/465/465 466/466/466 467/467/467 
f 467/467/467 466/466/466 468/468/468 
f 469/469/469 470/470/470 471/471/471 
f 470/470/470 469/469/469 472/472/472 
f 473/473/473 474/474/474 475/475/475 
f 475/475/475 474/474/474 476/476/476 
f 477/477/477 478/478/478 441/441/441 
f 478/478/478 477/477/477 479/479/479 
f 486/486/486 487/487/487 488/488/488 
f 487/487/487 486/486/486 489/489/489 
f 490/490/490 491/491/491 492/492/492 
f 493/493/493 492/492/492 491/491/491 
f 492/492/492 493/493/493 494/494/494 
f 495/495/495 496/496/496 490/490/490 
f 496/496/496 495/495/495 497/497/497 
f 498/498/498 499/499/499 490/490/490 
f 499/499/499 498/498/498 500/500/500 
f 504/504/504 505/505/505 506/506/506 
f 505/505/505 504/504/504 507/507/507 
f 508/508/508 506/506/506 505/505/505 
f 506/506/506 508/508/508 490/490/490 
f 505/505/505 509/509/509 508/508/508 
f 509/509/509 505/505/505 510/510/510 
f 511/511/511 510/510/510 505/505/505 
f 510/510/510 511/511/511 512/512/512 
f 513/513/513 508/508/508 509/509/509 
f 508/508/508 513/513/513 491/491/491 
f 491/491/491 490/490/490 508/508/508 
f 514/514/514 515/515/515 516/516/516 
f 515/515/515 514/514/514 517/517/517 
f 518/518/518 491/491/491 513/513/513 
f 491/491/491 518/518/518 519/519/519 
f 522/522/522 521/521/521 520/520/520 
f 521/521/521 522/522/522 523/523/523 
f 524/524/524 523/523/523 522/522/522 
f 523/523/523 524/524/524 525/525/525 
f 526/526/526 525/525/525 524/524/524 
f 525/525/525 526/526/526 527/527/527 
f 528/528/528 527/527/527 526/526/526 
f 527/527/527 528/528/528 529/529/529 
f 536/536/536 537/537/537 538/538/538 
f 536/536/536 538/538/538 539/539/539 
f 542/542/542 543/543/543 541/541/541 
f 543/543/543 542/542/542 544/544/544 
f 546/546/546 547/547/547 545/545/545 
f 546/546/546 548/548/548 547/547/547 
f 549/549/549 550/550/550 551/551/551 
f 550/550/550 549/549/549 552/552/552 
f 553/553/553 554/554/554 552/552/552 
f 554/554/554 553/553/553 555/555/555 
f 556/556/556 552/552/552 557/557/557 
f 556/556/556 557/557/557 558/558/558 
f 559/559/559 560/560/560 552/552/552 
f 559/559/559 561/561/561 560/560/560 
f 564/564/564 563/563/563 562/562/562 
f 565/565/565 563/563/563 564/564/564 
f 566/566/566 565/565/565 564/564/564 
f 567/567/567 565/565/565 566/566/566 
f 566/566/566 568/568/568 567/567/567 
f 568/568/568 566/566/566 569/569/569 
f 570/570/570 568/568/568 569/569/569 
f 568/568/568 570/570/570 571/571/571 
f 573/573/573 574/574/574 572/572/572 
f 574/574/574 573/573/573 575/575/575 
f 576/576/576 578/578/578 577/577/577 
f 578/578/578 576/576/576 579/579/579 
f 579/579/579 580/580/580 578/578/578 
f 578/578/578 580/580/580 581/581/581 
f 580/580/580 582/582/582 581/581/581 
f 581/581/581 582/582/582 583/583/583 
f 582/582/582 584/584/584 583/583/583 
f 583/583/583 584/584/584 585/585/585 
f 586/586/586 587/587/587 588/588/588 
f 587/587/587 586/586/586 589/589/589 
f 590/590/590 591/591/591 592/592/592 
f 591/591/591 590/590/590 593/593/593 
f 594/594/594 595/595/595 596/596/596 
f 595/595/595 594/594/594 597/597/597 
f 598/598/598 599/599/599 600/600/600 
f 600/600/600 599/599/599 601/601/601 
f 602/602/602 603/603/603 604/604/604 
f 604/604/604 603/603/603 605/605/605 
f 606/606/606 603/603/603 602/602/602 
f 603/603/603 606/606/606 607/607/607 
f 608/608/608 602/602/602 604/604/604 
f 609/609/609 606/606/606 602/602/602 
f 602/602/602 608/608/608 609/609/609 
f 606/606/606 609/609/609 588/588/588 
f 610/610/610 609/609/609 608/608/608 
f 611/611/611 612/612/612 608/608/608 
f 612/612/612 611/611/611 613/613/613 
f 614/614/614 615/615/615 608/608/608 
f 615/615/615 614/614/614 616/616/616 
f 609/609/609 610/610/610 617/617/617 
f 617/617/617 588/588/588 609/609/609 
f 610/610/610 618/618/618 617/617/617 
f 618/618/618 610/610/610 619/619/619 
f 618/618/618 620/620/620 617/617/617 
f 588/588/588 617/617/617 620/620/620 
f 620/620/620 618/618/618 621/621/621 
f 622/622/622 623/623/623 588/588/588 
f 624/624/624 623/623/623 622/622/622 
f 625/625/625 626/626/626 627/627/627 
f 627/627/627 626/626/626 628/628/628 
f 635/635/635 636/636/636 637/637/637 
f 637/637/637 638/638/638 635/635/635 
f 641/641/641 642/642/642 640/640/640 
f 642/642/642 641/641/641 643/643/643 
f 644/644/644 645/645/645 646/646/646 
f 645/645/645 644/644/644 647/647/647 
f 648/648/648 646/646/646 649/649/649 
f 649/649/649 650/650/650 648/648/648 
f 651/651/651 653/653/653 652/652/652 
f 653/653/653 654/654/654 652/652/652 
f 653/653/653 655/655/655 654/654/654 
f 655/655/655 656/656/656 654/654/654 
f 655/655/655 657/657/657 656/656/656 
f 658/658/658 654/654/654 656/656/656 
f 654/654/654 658/658/658 659/659/659 
f 659/659/659 660/660/660 654/654/654 
f 656/656/656 646/646/646 658/658/658 
f 657/657/657 661/661/661 656/656/656 
f 646/646/646 656/656/656 661/661/661 
f 657/657/657 662/662/662 661/661/661 
f 662/662/662 663/663/663 661/661/661 
f 661/661/661 664/664/664 646/646/646 
f 664/664/664 661/661/661 665/665/665 
f 665/665/665 666/666/666 664/664/664 
f 668/668/668 667/667/667 669/669/669 
f 670/670/670 668/668/668 669/669/669 
f 670/670/670 669/669/669 671/671/671 
f 672/672/672 670/670/670 671/671/671 
f 672/672/672 671/671/671 673/673/673 
f 674/674/674 672/672/672 673/673/673 
f 674/674/674 673/673/673 675/675/675 
f 676/676/676 674/674/674 675/675/675 

g Head1

v 0.650271 2.44404 0.0499878 
v 0.52608 2.44404 -0.355394 
v 0.200946 2.44404 -0.605933 
v 0.38222 2.44404 0.607949 
v 0.618443 2.44404 0.26311 
v 0.650271 2.44404 0.0499878 
v 0.707632 2.35027 -0.193869 
v 0.744046 2.35027 0.0499878 
v 0.601949 2.35027 -0.413856 
v 0.437341 2.35027 0.688411 
v 0.601949 2.35027 0.513832 
v 0.707632 2.35027 0.293845 
v 0.744046 2.35027 0.0499878 
v 0.764891 2.2321 -0.213602 
v 0.804256 2.2321 0.0499878 
v 0.650656 2.2321 -0.451391 
v 0.472731 2.2321 -0.640099 
v 0.24853 2.2321 -0.761257 
v 0.472731 2.2321 0.740075 
v 0.650656 2.2321 0.551367 
v 0.764891 2.2321 0.313577 
v 0.804256 2.2321 0.0499878 
v 0.784623 2.10111 -0.220402 
v 0.825003 2.10111 0.0499878 
v 0.66744 2.10111 -0.464325 
v 0.484926 2.10111 -0.6579 
v 0.484926 2.10111 0.757876 
v 0.66744 2.10111 0.564297 
v 0.784623 2.10111 0.320377 
v 0.825003 2.10111 0.0499878 
v 0.784623 1.29888 -0.220401 
v 0.825003 1.29888 0.0499878 
v 0.66744 1.29888 -0.464321 
v 0.484926 1.29888 -0.6579 
v 0.484926 1.29888 0.757876 
v 0.66744 1.29888 0.564297 
v 0.784623 1.29888 0.320377 
v 0.825003 1.29888 0.0499878 
v 0.764891 1.16789 -0.213602 
v 0.804256 1.16789 0.0499878 
v 0.650656 1.16789 -0.451391 
v 0.472731 1.16789 -0.640099 
v 1.83731e-06 1.16789 0.902983 
v 0.472731 1.16789 0.740075 
v 0.650656 1.16789 0.551367 
v 0.764891 1.16789 0.313578 
v 0.804256 1.16789 0.0499878 
v 0.707632 1.04973 -0.193869 
v 0.744046 1.04973 0.0499878 
v 0.601949 1.04973 -0.413856 
v 0.437341 1.04973 -0.588436 
v 0.601949 1.04973 0.513832 
v 0.707632 1.04973 0.293845 
v 0.744046 1.04973 0.0499878 
v 0.618443 0.955954 -0.163134 
v 0.650271 0.955954 0.0499878 
v 0.52608 0.955954 -0.355394 
v 0.200946 0.955954 -0.605933 
v 0.38222 0.955954 0.607949 
v 0.650271 0.955954 0.0499878 
v 1.72819e-06 2.525 0.0499878 
v 0.401117 2.525 0.0499878 
v 0.381485 2.525 -0.0814756 
v 0.324511 2.525 -0.20007 
v 0.235772 2.525 -0.294188 
v 0.123953 2.525 -0.354615 
v 1.74678e-06 2.525 -0.375436 
v -0.12395 2.525 -0.354615 
v -0.235768 2.525 -0.294188 
v -0.324508 2.525 -0.20007 
v -0.381481 2.525 -0.0814756 
v -0.401114 2.525 0.0499878 
v 1.72819e-06 2.525 0.0499878 
v -0.401114 2.525 0.0499878 
v -0.381481 2.525 0.181451 
v -0.324507 2.525 0.300046 
v -0.235768 2.525 0.394163 
v -0.12395 2.525 0.45459 
v 1.75839e-06 2.525 0.475412 
v 0.123953 2.525 0.45459 
v 0.235772 2.525 0.394163 
v 0.324511 2.525 0.300046 
v 0.381485 2.525 0.181451 
v 0.401117 2.525 0.0499878 
v 0.506062 2.50425 -0.124406 
v 0.532106 2.50425 0.0499878 
v 0.430484 2.50425 -0.281729 
v 0.312764 2.50425 -0.406579 
v 0.16443 2.50425 -0.486742 
v 1.70406e-06 2.50425 -0.51436 
v -0.164427 2.50425 -0.486742 
v -0.312761 2.50425 -0.406579 
v -0.430477 2.50425 -0.281729 
v -0.50606 2.50425 -0.124406 
v -0.5321 2.50425 0.0499878 
v -0.50606 2.50425 0.224382 
v -0.5321 2.50425 0.0499878 
v -0.430477 2.50425 0.381704 
v -0.312761 2.50425 0.506555 
v -0.164427 2.50425 0.586718 
v 1.80112e-06 2.50425 0.61434 
v 0.16443 2.50425 0.586718 
v 0.312764 2.50425 0.506555 
v 0.430484 2.50425 0.381704 
v 0.506062 2.50425 0.224381 
v 0.532106 2.50425 0.0499878 
v 0.618443 2.44404 -0.163134 
v 0.650271 2.44404 0.0499878 
v 0.52608 2.44404 -0.355394 
v 0.38222 2.44404 -0.507973 
v 0.200946 2.44404 -0.605933 
v 1.70953e-06 2.44404 -0.639691 
v -0.200943 2.44404 -0.605933 
v -0.382217 2.44404 -0.507973 
v -0.526078 2.44404 -0.355394 
v -0.61844 2.44404 -0.163134 
v -0.650265 2.44404 0.0499878 
v -0.61844 2.44404 0.26311 
v -0.650265 2.44404 0.0499878 
v -0.526078 2.44404 0.45537 
v -0.382217 2.44404 0.607949 
v -0.200942 2.44404 0.705909 
v 1.79564e-06 2.44404 0.739666 
v 0.200946 2.44404 0.705909 
v 0.38222 2.44404 0.607949 
v 0.52608 2.44404 0.45537 
v 0.618443 2.44404 0.26311 
v 0.650271 2.44404 0.0499878 
v 0.707632 2.35027 -0.193869 
v 0.601949 2.35027 -0.413856 
v 0.437341 2.35027 -0.588436 
v 0.229925 2.35027 -0.700528 
v 1.71388e-06 2.35027 -0.739149 
v -0.229921 2.35027 -0.700528 
v -0.437339 2.35027 -0.588436 
v -0.601943 2.35027 -0.413856 
v -0.707626 2.35027 -0.193869 
v -0.744044 2.35027 0.0499878 
v -0.707626 2.35027 0.293844 
v -0.744044 2.35027 0.0499878 
v -0.601943 2.35027 0.513832 
v -0.437339 2.35027 0.688411 
v -0.229921 2.35027 0.800504 
v 1.7913e-06 2.35027 0.839124 
v 0.229924 2.35027 0.800504 
v 0.437341 2.35027 0.688411 
v 0.601949 2.35027 0.513832 
v 0.707632 2.35027 0.293845 
v 0.744046 2.35027 0.0499878 
v -0.5321 2.50425 0.0499878 
v 1.80112e-06 2.50425 0.61434 
v -0.200942 2.44404 0.705909 
v 0.38222 2.44404 0.607949 
v -0.437339 2.35027 0.688411 
v -0.229921 2.35027 0.800504 
v 1.7913e-06 2.35027 0.839124 
v 0.229924 2.35027 0.800504 
v 0.437341 2.35027 0.688411 
v 0.601949 2.35027 0.513832 
v -0.804254 2.2321 0.0499878 
v -0.650654 2.2321 0.551367 
v -0.472729 2.2321 0.740075 
v -0.248526 2.2321 0.861233 
v 1.83731e-06 2.2321 0.902983 
v 0.24853 2.2321 0.861233 
v 0.472731 2.2321 0.740075 
v 0.650656 2.2321 0.551367 
v -0.667438 2.10111 0.564301 
v -0.48492 2.10111 0.757876 
v -0.254937 2.10111 0.88216 
v 1.83634e-06 2.10111 0.924988 
v 0.254941 2.10111 0.88216 
v 0.484926 2.10111 0.757876 
v 0.66744 2.10111 0.564297 
v -0.667438 1.29888 0.564301 
v -0.48492 1.29888 0.757876 
v -0.254937 1.29888 0.88216 
v 1.83634e-06 1.29888 0.924988 
v 0.254941 1.29888 0.88216 
v 0.484926 1.29888 0.757876 
v -0.650654 1.16789 0.551367 
v -0.472729 1.16789 0.740075 
v -0.248526 1.16789 0.861233 
v 1.83731e-06 1.16789 0.902983 
v 0.24853 1.16789 0.861233 
v 0.472731 1.16789 0.740075 
v 0.650656 1.16789 0.551367 
v -0.437339 1.04973 0.688411 
v -0.229921 1.04973 0.800504 
v 1.7913e-06 1.04973 0.839124 
v 0.229924 1.04973 0.800504 
v 0.437341 1.04973 0.688411 
v 0.601949 1.04973 0.513832 
v -0.5321 2.50425 0.0499878 
v -0.5321 2.50425 0.0499878 
v -0.382217 2.44404 -0.507973 
v -0.650265 2.44404 0.0499878 
v -0.650265 2.44404 0.0499878 
v -0.526078 2.44404 0.45537 
v -0.437339 2.35027 -0.588436 
v -0.601943 2.35027 -0.413856 
v -0.707626 2.35027 -0.193869 
v -0.744044 2.35027 0.0499878 
v -0.707626 2.35027 0.293844 
v -0.744044 2.35027 0.0499878 
v -0.601943 2.35027 0.513832 
v -0.437339 2.35027 0.688411 
v -0.472729 2.2321 -0.640099 
v -0.650654 2.2321 -0.451391 
v -0.764889 2.2321 -0.213602 
v -0.804254 2.2321 0.0499878 
v -0.764889 2.2321 0.313578 
v -0.804254 2.2321 0.0499878 
v -0.650654 2.2321 0.551367 
v -0.472729 2.2321 0.740075 
v -0.48492 2.10111 -0.6579 
v -0.667438 2.10111 -0.464321 
v -0.784621 2.10111 -0.220401 
v -0.824997 2.10111 0.0499878 
v -0.784621 2.10111 0.320377 
v -0.824997 2.10111 0.0499878 
v -0.667438 2.10111 0.564301 
v -0.48492 2.10111 0.757876 
v -0.48492 1.29888 -0.6579 
v -0.667438 1.29888 -0.464321 
v -0.784621 1.29888 -0.220401 
v -0.824997 1.29888 0.0499878 
v -0.784621 1.29888 0.320377 
v -0.824997 1.29888 0.0499878 
v -0.667438 1.29888 0.564301 
v -0.472729 1.16789 -0.640099 
v -0.650654 1.16789 -0.451391 
v -0.764889 1.16789 -0.213602 
v -0.804254 1.16789 0.0499878 
v -0.764889 1.16789 0.313578 
v -0.804254 1.16789 0.0499878 
v -0.650654 1.16789 0.551367 
v -0.472729 1.16789 0.740075 
v -0.601943 1.04973 -0.413856 
v -0.707626 1.04973 -0.193869 
v -0.744044 1.04973 0.0499878 
v -0.707626 1.04973 0.293844 
v -0.744044 1.04973 0.0499878 
v -0.601943 1.04973 0.513832 
v -0.437339 1.04973 0.688411 
v 0.804256 1.16789 0.0499878 
v 0.650656 1.16789 -0.451391 
v 0.472731 1.16789 -0.640099 
v 1.71667e-06 1.16789 -0.803008 
v -0.248526 1.16789 -0.761257 
v -0.472729 1.16789 -0.640099 
v -0.650654 1.16789 -0.451391 
v -0.804254 1.16789 0.0499878 
v -0.804254 1.16789 0.0499878 
v -0.650654 1.16789 0.551367 
v -0.472729 1.16789 0.740075 
v -0.248526 1.16789 0.861233 
v 1.83731e-06 1.16789 0.902983 
v 0.472731 1.16789 0.740075 
v 0.650656 1.16789 0.551367 
v 0.764891 1.16789 0.313578 
v 0.804256 1.16789 0.0499878 
v 0.707632 1.04973 -0.193869 
v 0.744046 1.04973 0.0499878 
v 0.601949 1.04973 -0.413856 
v 0.437341 1.04973 -0.588436 
v 0.229925 1.04973 -0.700528 
v 1.71388e-06 1.04973 -0.739149 
v -0.229921 1.04973 -0.700524 
v -0.437339 1.04973 -0.588436 
v -0.601943 1.04973 -0.413856 
v -0.707626 1.04973 -0.193869 
v -0.744044 1.04973 0.0499878 
v -0.707626 1.04973 0.293844 
v -0.744044 1.04973 0.0499878 
v -0.601943 1.04973 0.513832 
v -0.437339 1.04973 0.688411 
v -0.229921 1.04973 0.800504 
v 1.7913e-06 1.04973 0.839124 
v 0.229924 1.04973 0.800504 
v 0.437341 1.04973 0.688411 
v 0.601949 1.04973 0.513832 
v 0.707632 1.04973 0.293845 
v 0.618443 0.955954 -0.163134 
v 0.650271 0.955954 0.0499878 
v 0.52608 0.955954 -0.355394 
v 0.38222 0.955954 -0.507973 
v 0.200946 0.955954 -0.605933 
v 1.70953e-06 0.955954 -0.639691 
v -0.200943 0.955954 -0.605933 
v -0.382217 0.955954 -0.507973 
v -0.526078 0.955954 -0.355394 
v -0.61844 0.955954 -0.163134 
v -0.650265 0.955954 0.0499878 
v -0.61844 0.955954 0.26311 
v -0.650265 0.955954 0.0499878 
v -0.526078 0.955954 0.45537 
v -0.382217 0.955954 0.607949 
v -0.200942 0.955954 0.705909 
v 1.79564e-06 0.955954 0.739666 
v 0.200946 0.955954 0.705909 
v 0.38222 0.955954 0.607949 
v 0.52608 0.955954 0.45537 
v 0.618443 0.955954 0.26311 
v 0.650271 0.955954 0.0499878 
v 0.506062 0.895744 -0.124406 
v 0.532106 0.895744 0.0499878 
v 0.430484 0.895744 -0.281729 
v 0.312764 0.895744 -0.406579 
v 0.16443 0.895744 -0.486742 
v 1.70406e-06 0.895744 -0.51436 
v -0.164427 0.895744 -0.486742 
v -0.312761 0.895744 -0.406579 
v -0.430477 0.895744 -0.281729 
v -0.50606 0.895744 -0.124406 
v -0.5321 0.895744 0.0499878 
v -0.50606 0.895744 0.224382 
v -0.5321 0.895744 0.0499878 
v -0.430477 0.895744 0.381704 
v -0.312761 0.895744 0.506555 
v -0.164427 0.895744 0.586718 
v 1.80112e-06 0.895744 0.61434 
v 0.16443 0.895744 0.586718 
v 0.312764 0.895744 0.506555 
v 0.430484 0.895744 0.381704 
v 0.506062 0.895744 0.224382 
v 0.532106 0.895744 0.0499878 
v 0.381485 0.874997 -0.0814756 
v 0.401117 0.874997 0.0499878 
v 0.324511 0.874997 -0.20007 
v 0.235772 0.874997 -0.294188 
v 0.123953 0.874997 -0.354615 
v 1.74678e-06 0.874997 -0.375436 
v -0.12395 0.874997 -0.354615 
v -0.235768 0.874997 -0.294188 
v -0.324508 0.874997 -0.20007 
v -0.381481 0.874997 -0.0814756 
v -0.401114 0.874997 0.0499878 
v -0.381481 0.874997 0.181451 
v -0.401114 0.874997 0.0499878 
v -0.324507 0.874997 0.300046 
v -0.235768 0.874997 0.394163 
v -0.12395 0.874997 0.45459 
v 1.75839e-06 0.874997 0.475412 
v 0.123953 0.874997 0.45459 
v 0.235772 0.874997 0.394163 
v 0.324511 0.874997 0.300046 
v 0.381485 0.874997 0.181451 
v 0.401117 0.874997 0.0499878 
v 1.72819e-06 0.874997 0.0499878 
v 1.72819e-06 0.874997 0.0499878 
v 1.70406e-06 2.50425 -0.51436 
v 0.650271 2.44404 0.0499878 
v 0.200946 2.44404 -0.605933 
v -0.382217 2.44404 -0.507973 
v 0.601949 2.35027 -0.413856 
v 0.437341 2.35027 -0.588436 
v 0.229925 2.35027 -0.700528 
v 1.71388e-06 2.35027 -0.739149 
v -0.229921 2.35027 -0.700528 
v -0.437339 2.35027 -0.588436 
v 0.472731 2.2321 -0.640099 
v 0.24853 2.2321 -0.761257 
v 1.71667e-06 2.2321 -0.803008 
v -0.248526 2.2321 -0.761257 
v -0.472729 2.2321 -0.640099 
v -0.650654 2.2321 -0.451391 
v 0.484926 2.10111 -0.6579 
v 0.254941 2.10111 -0.782185 
v 1.71763e-06 2.10111 -0.825012 
v -0.254937 2.10111 -0.782185 
v -0.48492 2.10111 -0.6579 
v -0.667438 2.10111 -0.464321 
v 0.66744 1.29888 -0.464321 
v 0.484926 1.29888 -0.6579 
v 0.254941 1.29888 -0.782185 
v 1.71763e-06 1.29888 -0.825012 
v -0.254937 1.29888 -0.782185 
v -0.48492 1.29888 -0.6579 
v 0.804256 1.16789 0.0499878 
v 0.650656 1.16789 -0.451391 
v 0.472731 1.16789 -0.640099 
v 0.24853 1.16789 -0.761257 
v 1.71667e-06 1.16789 -0.803008 
v -0.248526 1.16789 -0.761257 
v -0.472729 1.16789 -0.640099 
v -0.650654 1.16789 -0.451391 
v 0.601949 1.04973 -0.413856 
v 0.437341 1.04973 -0.588436 
v 0.229925 1.04973 -0.700528 
v 1.71388e-06 1.04973 -0.739149 
v -0.229921 1.04973 -0.700524 
v -0.437339 1.04973 -0.588436 
v -0.601943 1.04973 -0.413856 

vn 0.590551 0.811024 -0.00787402 
vn 0.472441 0.811024 -0.330709 
vn 0.181102 0.826772 -0.535433 
vn 0.354331 0.818898 0.448819 
vn 0.559055 0.811024 0.165354 
vn 0.590551 0.811024 -0.00787402 
vn 0.771654 0.590551 -0.244094 
vn 0.811024 0.590551 -0.00787402 
vn 0.661417 0.598425 -0.456693 
vn 0.488189 0.598425 0.629921 
vn 0.669291 0.598425 0.448819 
vn 0.771654 0.590551 0.228346 
vn 0.811024 0.590551 -0.00787402 
vn 0.905512 0.307087 -0.283465 
vn 0.952756 0.307087 0 
vn 0.779528 0.314961 -0.535433 
vn 0.574803 0.322835 -0.755906 
vn 0.307087 0.322835 -0.897638 
vn 0.582677 0.322835 0.748031 
vn 0.787402 0.314961 0.535433 
vn 0.913386 0.307087 0.275591 
vn 0.952756 0.307087 0 
vn 0.952756 0.0787402 -0.291339 
vn 1 0.0787402 0 
vn 0.818898 0.0787402 -0.566929 
vn 0.606299 0.0787402 -0.787402 
vn 0.606299 0.0787402 0.787402 
vn 0.818898 0.0787402 0.566929 
vn 0.952756 0.0787402 0.291339 
vn 1 0.0787402 0 
vn 0.952756 -0.0787402 -0.291339 
vn 1 -0.0787402 0 
vn 0.818898 -0.0787402 -0.559055 
vn 0.606299 -0.0787402 -0.787402 
vn 0.606299 -0.0787402 0.787402 
vn 0.818898 -0.0787402 0.566929 
vn 0.952756 -0.0787402 0.291339 
vn 1 -0.0787402 0 
vn 0.913386 -0.307087 -0.275591 
vn 0.952756 -0.307087 0 
vn 0.787402 -0.314961 -0.535433 
vn 0.582677 -0.322835 -0.748031 
vn 0 -0.322835 0.944882 
vn 0.574803 -0.322835 0.755906 
vn 0.779528 -0.314961 0.535433 
vn 0.905512 -0.307087 0.283465 
vn 0.952756 -0.307087 0 
vn 0.771654 -0.590551 -0.23622 
vn 0.811024 -0.590551 0.00787402 
vn 0.669291 -0.598425 -0.448819 
vn 0.488189 -0.598425 -0.629921 
vn 0.661417 -0.598425 0.456693 
vn 0.771654 -0.590551 0.244094 
vn 0.811024 -0.590551 0.00787402 
vn 0.559055 -0.811024 -0.165354 
vn 0.590551 -0.811024 0.00787402 
vn 0.480315 -0.811024 -0.322835 
vn 0.188976 -0.826772 -0.535433 
vn 0.346457 -0.818898 0.456693 
vn 0.590551 -0.811024 0.00787402 
vn 0 1 0 
vn 0.0944882 0.992126 -0.00787402 
vn 0.0866142 0.992126 -0.0314961 
vn 0.0708661 0.992126 -0.0551181 
vn 0.0551181 0.992126 -0.0787402 
vn 0.023622 0.992126 -0.0866142 
vn -0.00787402 0.992126 -0.0866142 
vn -0.0314961 0.992126 -0.0866142 
vn -0.0551181 0.992126 -0.0708661 
vn -0.0787402 0.992126 -0.0472441 
vn -0.0944882 0.992126 -0.023622 
vn -0.0944882 0.992126 0.00787402 
vn 0 1 0 
vn -0.0944882 0.992126 0.00787402 
vn -0.0866142 0.992126 0.0314961 
vn -0.0708661 0.992126 0.0551181 
vn -0.0551181 0.992126 0.0708661 
vn -0.023622 0.992126 0.0866142 
vn 0.00787402 0.992126 0.0866142 
vn 0.0314961 0.992126 0.0787402 
vn 0.0629921 0.992126 0.0708661 
vn 0.0787402 0.992126 0.0472441 
vn 0.0944882 0.992126 0.023622 
vn 0.0944882 0.992126 -0.00787402 
vn 0.291339 0.952756 -0.0944882 
vn 0.307087 0.952756 -0.00787402 
vn 0.244094 0.952756 -0.181102 
vn 0.173228 0.952756 -0.244094 
vn 0.0866142 0.952756 -0.283465 
vn -0.00787402 0.952756 -0.291339 
vn -0.102362 0.952756 -0.275591 
vn -0.188976 0.952756 -0.23622 
vn -0.251969 0.952756 -0.165354 
vn -0.299213 0.952756 -0.0866142 
vn -0.307087 0.952756 0.00787402 
vn -0.291339 0.952756 0.0944882 
vn -0.307087 0.952756 0.00787402 
vn -0.244094 0.952756 0.181102 
vn -0.173228 0.952756 0.244094 
vn -0.0866142 0.952756 0.283465 
vn 0.00787402 0.952756 0.291339 
vn 0.102362 0.952756 0.275591 
vn 0.188976 0.952756 0.228346 
vn 0.251969 0.952756 0.165354 
vn 0.299213 0.952756 0.0787402 
vn 0.307087 0.952756 -0.00787402 
vn 0.559055 0.811024 -0.181102 
vn 0.590551 0.811024 -0.00787402 
vn 0.472441 0.811024 -0.330709 
vn 0.346457 0.818898 -0.456693 
vn 0.181102 0.826772 -0.535433 
vn -0.00787402 0.826772 -0.566929 
vn -0.188976 0.826772 -0.535433 
vn -0.354331 0.818898 -0.448819 
vn -0.480315 0.811024 -0.322835 
vn -0.559055 0.811024 -0.165354 
vn -0.590551 0.811024 0.00787402 
vn -0.559055 0.811024 0.181102 
vn -0.590551 0.811024 0.00787402 
vn -0.472441 0.818898 0.330709 
vn -0.346457 0.818898 0.456693 
vn -0.181102 0.826772 0.535433 
vn 0.00787402 0.826772 0.566929 
vn 0.188976 0.826772 0.535433 
vn 0.354331 0.818898 0.448819 
vn 0.480315 0.811024 0.322835 
vn 0.559055 0.811024 0.165354 
vn 0.590551 0.811024 -0.00787402 
vn 0.771654 0.590551 -0.244094 
vn 0.661417 0.598425 -0.456693 
vn 0.480315 0.606299 -0.637795 
vn 0.251969 0.606299 -0.755906 
vn -0.00787402 0.606299 -0.795276 
vn -0.259843 0.606299 -0.748031 
vn -0.488189 0.606299 -0.629921 
vn -0.669291 0.598425 -0.448819 
vn -0.771654 0.590551 -0.228346 
vn -0.811024 0.590551 0.00787402 
vn -0.771654 0.590551 0.244094 
vn -0.811024 0.590551 0.00787402 
vn -0.661417 0.598425 0.456693 
vn -0.480315 0.606299 0.637795 
vn -0.251969 0.606299 0.748031 
vn 0.00787402 0.614173 0.795276 
vn 0.259843 0.606299 0.748031 
vn 0.488189 0.598425 0.629921 
vn 0.669291 0.598425 0.448819 
vn 0.771654 0.590551 0.228346 
vn 0.811024 0.590551 -0.00787402 
vn -0.307087 0.952756 0.00787402 
vn 0.00787402 0.952756 0.291339 
vn -0.181102 0.826772 0.535433 
vn 0.354331 0.818898 0.448819 
vn -0.480315 0.606299 0.637795 
vn -0.251969 0.606299 0.748031 
vn 0.00787402 0.614173 0.795276 
vn 0.259843 0.606299 0.748031 
vn 0.488189 0.598425 0.629921 
vn 0.669291 0.598425 0.448819 
vn -0.952756 0.307087 0 
vn -0.779528 0.314961 0.535433 
vn -0.574803 0.322835 0.748031 
vn -0.307087 0.322835 0.897638 
vn 0 0.322835 0.944882 
vn 0.314961 0.322835 0.889764 
vn 0.582677 0.322835 0.748031 
vn 0.787402 0.314961 0.535433 
vn -0.818898 0.0787402 0.566929 
vn -0.606299 0.0787402 0.787402 
vn -0.322835 0.0866142 0.944882 
vn 0 0.0866142 1 
vn 0.322835 0.0866142 0.944882 
vn 0.606299 0.0787402 0.787402 
vn 0.818898 0.0787402 0.566929 
vn -0.818898 -0.0787402 0.566929 
vn -0.606299 -0.0787402 0.787402 
vn -0.322835 -0.0866142 0.944882 
vn 0 -0.0866142 1 
vn 0.322835 -0.0866142 0.944882 
vn 0.606299 -0.0787402 0.787402 
vn -0.787402 -0.314961 0.535433 
vn -0.582677 -0.322835 0.748031 
vn -0.307087 -0.322835 0.889764 
vn 0 -0.322835 0.944882 
vn 0.307087 -0.322835 0.897638 
vn 0.574803 -0.322835 0.755906 
vn 0.779528 -0.314961 0.535433 
vn -0.488189 -0.598425 0.629921 
vn -0.259843 -0.606299 0.748031 
vn -0.00787402 -0.614173 0.795276 
vn 0.251969 -0.606299 0.755906 
vn 0.480315 -0.606299 0.637795 
vn 0.661417 -0.598425 0.456693 
vn -0.307087 0.952756 0.00787402 
vn -0.307087 0.952756 0.00787402 
vn -0.354331 0.818898 -0.448819 
vn -0.590551 0.811024 0.00787402 
vn -0.590551 0.811024 0.00787402 
vn -0.472441 0.818898 0.330709 
vn -0.488189 0.606299 -0.629921 
vn -0.669291 0.598425 -0.448819 
vn -0.771654 0.590551 -0.228346 
vn -0.811024 0.590551 0.00787402 
vn -0.771654 0.590551 0.244094 
vn -0.811024 0.590551 0.00787402 
vn -0.661417 0.598425 0.456693 
vn -0.480315 0.606299 0.637795 
vn -0.582677 0.322835 -0.748031 
vn -0.787402 0.314961 -0.535433 
vn -0.913386 0.307087 -0.275591 
vn -0.952756 0.307087 0 
vn -0.905512 0.307087 0.283465 
vn -0.952756 0.307087 0 
vn -0.779528 0.314961 0.535433 
vn -0.574803 0.322835 0.748031 
vn -0.606299 0.0787402 -0.787402 
vn -0.818898 0.0787402 -0.566929 
vn -0.952756 0.0787402 -0.291339 
vn -1 0.0787402 0 
vn -0.952756 0.0787402 0.291339 
vn -1 0.0787402 0 
vn -0.818898 0.0787402 0.566929 
vn -0.606299 0.0787402 0.787402 
vn -0.606299 -0.0787402 -0.787402 
vn -0.818898 -0.0787402 -0.566929 
vn -0.952756 -0.0787402 -0.291339 
vn -1 -0.0787402 0 
vn -0.952756 -0.0787402 0.291339 
vn -1 -0.0787402 0 
vn -0.818898 -0.0787402 0.566929 
vn -0.574803 -0.322835 -0.755906 
vn -0.779528 -0.314961 -0.535433 
vn -0.905512 -0.307087 -0.283465 
vn -0.952756 -0.307087 0 
vn -0.905512 -0.307087 0.275591 
vn -0.952756 -0.307087 0 
vn -0.787402 -0.314961 0.535433 
vn -0.582677 -0.322835 0.748031 
vn -0.661417 -0.598425 -0.456693 
vn -0.771654 -0.590551 -0.244094 
vn -0.811024 -0.590551 -0.00787402 
vn -0.771654 -0.590551 0.228346 
vn -0.811024 -0.590551 -0.00787402 
vn -0.669291 -0.598425 0.448819 
vn -0.488189 -0.598425 0.629921 
vn 0.952756 -0.307087 0 
vn 0.787402 -0.314961 -0.535433 
vn 0.582677 -0.322835 -0.748031 
vn 0 -0.322835 -0.944882 
vn -0.307087 -0.322835 -0.897638 
vn -0.574803 -0.322835 -0.755906 
vn -0.779528 -0.314961 -0.535433 
vn -0.952756 -0.307087 0 
vn -0.952756 -0.307087 0 
vn -0.787402 -0.314961 0.535433 
vn -0.582677 -0.322835 0.748031 
vn -0.307087 -0.322835 0.889764 
vn 0 -0.322835 0.944882 
vn 0.574803 -0.322835 0.755906 
vn 0.779528 -0.314961 0.535433 
vn 0.905512 -0.307087 0.283465 
vn 0.952756 -0.307087 0 
vn 0.771654 -0.590551 -0.23622 
vn 0.811024 -0.590551 0.00787402 
vn 0.669291 -0.598425 -0.448819 
vn 0.488189 -0.598425 -0.629921 
vn 0.259843 -0.606299 -0.748031 
vn 0.00787402 -0.606299 -0.795276 
vn -0.251969 -0.606299 -0.755906 
vn -0.480315 -0.606299 -0.637795 
vn -0.661417 -0.598425 -0.456693 
vn -0.771654 -0.590551 -0.244094 
vn -0.811024 -0.590551 -0.00787402 
vn -0.771654 -0.590551 0.228346 
vn -0.811024 -0.590551 -0.00787402 
vn -0.669291 -0.598425 0.448819 
vn -0.488189 -0.598425 0.629921 
vn -0.259843 -0.606299 0.748031 
vn -0.00787402 -0.614173 0.795276 
vn 0.251969 -0.606299 0.755906 
vn 0.480315 -0.606299 0.637795 
vn 0.661417 -0.598425 0.456693 
vn 0.771654 -0.590551 0.244094 
vn 0.559055 -0.811024 -0.165354 
vn 0.590551 -0.811024 0.00787402 
vn 0.480315 -0.811024 -0.322835 
vn 0.354331 -0.818898 -0.448819 
vn 0.188976 -0.826772 -0.535433 
vn 0.00787402 -0.826772 -0.566929 
vn -0.181102 -0.826772 -0.535433 
vn -0.346457 -0.818898 -0.456693 
vn -0.472441 -0.811024 -0.330709 
vn -0.559055 -0.811024 -0.181102 
vn -0.590551 -0.811024 -0.00787402 
vn -0.559055 -0.811024 0.165354 
vn -0.590551 -0.811024 -0.00787402 
vn -0.480315 -0.811024 0.322835 
vn -0.354331 -0.818898 0.448819 
vn -0.188976 -0.826772 0.535433 
vn -0.00787402 -0.826772 0.566929 
vn 0.181102 -0.826772 0.535433 
vn 0.346457 -0.818898 0.456693 
vn 0.472441 -0.811024 0.330709 
vn 0.559055 -0.811024 0.181102 
vn 0.590551 -0.811024 0.00787402 
vn 0.299213 -0.952756 -0.0866142 
vn 0.307087 -0.952756 0.00787402 
vn 0.251969 -0.952756 -0.165354 
vn 0.188976 -0.952756 -0.228346 
vn 0.102362 -0.952756 -0.275591 
vn 0.00787402 -0.952756 -0.291339 
vn -0.0866142 -0.952756 -0.283465 
vn -0.173228 -0.952756 -0.244094 
vn -0.244094 -0.952756 -0.181102 
vn -0.291339 -0.952756 -0.0944882 
vn -0.307087 -0.952756 -0.00787402 
vn -0.299213 -0.952756 0.0787402 
vn -0.307087 -0.952756 -0.00787402 
vn -0.251969 -0.952756 0.165354 
vn -0.188976 -0.952756 0.228346 
vn -0.102362 -0.952756 0.275591 
vn -0.00787402 -0.952756 0.291339 
vn 0.0866142 -0.952756 0.283465 
vn 0.173228 -0.952756 0.244094 
vn 0.244094 -0.952756 0.181102 
vn 0.291339 -0.952756 0.0944882 
vn 0.307087 -0.952756 0.00787402 
vn 0.0944882 -0.992126 -0.023622 
vn 0.0944882 -0.992126 0.00787402 
vn 0.0787402 -0.992126 -0.0472441 
vn 0.0629921 -0.992126 -0.0708661 
vn 0.0314961 -0.992126 -0.0866142 
vn 0.00787402 -0.992126 -0.0866142 
vn -0.023622 -0.992126 -0.0866142 
vn -0.0472441 -0.992126 -0.0787402 
vn -0.0708661 -0.992126 -0.0551181 
vn -0.0866142 -0.992126 -0.0314961 
vn -0.0944882 -0.992126 -0.00787402 
vn -0.0944882 -0.992126 0.023622 
vn -0.0944882 -0.992126 -0.00787402 
vn -0.0787402 -0.992126 0.0472441 
vn -0.0551181 -0.992126 0.0708661 
vn -0.0314961 -0.992126 0.0787402 
vn -0.00787402 -0.992126 0.0866142 
vn 0.023622 -0.992126 0.0866142 
vn 0.0551181 -0.992126 0.0708661 
vn 0.0708661 -0.992126 0.0551181 
vn 0.0866142 -0.992126 0.0314961 
vn 0.0944882 -0.992126 0.00787402 
vn 0 -1 0 
vn 0 -1 0 
vn -0.00787402 0.952756 -0.291339 
vn 0.590551 0.811024 -0.00787402 
vn 0.181102 0.826772 -0.535433 
vn -0.354331 0.818898 -0.448819 
vn 0.661417 0.598425 -0.456693 
vn 0.480315 0.606299 -0.637795 
vn 0.251969 0.606299 -0.755906 
vn -0.00787402 0.606299 -0.795276 
vn -0.259843 0.606299 -0.748031 
vn -0.488189 0.606299 -0.629921 
vn 0.574803 0.322835 -0.755906 
vn 0.307087 0.322835 -0.897638 
vn 0 0.322835 -0.944882 
vn -0.307087 0.322835 -0.889764 
vn -0.582677 0.322835 -0.748031 
vn -0.787402 0.314961 -0.535433 
vn 0.606299 0.0787402 -0.787402 
vn 0.322835 0.0866142 -0.944882 
vn 0 0.0866142 -1 
vn -0.322835 0.0866142 -0.944882 
vn -0.606299 0.0787402 -0.787402 
vn -0.818898 0.0787402 -0.566929 
vn 0.818898 -0.0787402 -0.559055 
vn 0.606299 -0.0787402 -0.787402 
vn 0.322835 -0.0866142 -0.944882 
vn 0 -0.0866142 -1 
vn -0.322835 -0.0866142 -0.944882 
vn -0.606299 -0.0787402 -0.787402 
vn 0.952756 -0.307087 0 
vn 0.787402 -0.314961 -0.535433 
vn 0.582677 -0.322835 -0.748031 
vn 0.307087 -0.322835 -0.889764 
vn 0 -0.322835 -0.944882 
vn -0.307087 -0.322835 -0.897638 
vn -0.574803 -0.322835 -0.755906 
vn -0.779528 -0.314961 -0.535433 
vn 0.669291 -0.598425 -0.448819 
vn 0.488189 -0.598425 -0.629921 
vn 0.259843 -0.606299 -0.748031 
vn 0.00787402 -0.606299 -0.795276 
vn -0.251969 -0.606299 -0.755906 
vn -0.480315 -0.606299 -0.637795 
vn -0.661417 -0.598425 -0.456693 

vt 34 -18.907 
vt 34.0507 -18.907 
vt 34.082 -18.907 
vt 33.9303 -18.907 
vt 33.9734 -18.907 
vt 34 -18.907 
vt 34.0305 -18.9187 
vt 34 -18.9187 
vt 34.058 -18.9187 
vt 33.9202 -18.9187 
vt 33.942 -18.9187 
vt 33.9695 -18.9187 
vt 34 -18.9187 
vt 34.0329 -18.9335 
vt 34 -18.9335 
vt 34.0627 -18.9335 
vt 34.0863 -18.9335 
vt 34.1014 -18.9335 
vt 33.9137 -18.9335 
vt 33.9373 -18.9335 
vt 33.9671 -18.9335 
vt 34 -18.9335 
vt 34.0338 -18.9499 
vt 34 -18.9499 
vt 34.0643 -18.9499 
vt 34.0885 -18.9499 
vt 33.9115 -18.9499 
vt 33.9357 -18.9499 
vt 33.9662 -18.9499 
vt 34 -18.9499 
vt 34.0338 -19.0501 
vt 34 -19.0501 
vt 34.0643 -19.0501 
vt 34.0885 -19.0501 
vt 33.9115 -19.0501 
vt 33.9357 -19.0501 
vt 33.9662 -19.0501 
vt 34 -19.0501 
vt 34.0329 -19.0665 
vt 34 -19.0665 
vt 34.0627 -19.0665 
vt 34.0863 -19.0665 
vt 33.8934 -19.0665 
vt 33.9137 -19.0665 
vt 33.9373 -19.0665 
vt 33.9671 -19.0665 
vt 34 -19.0665 
vt 34.0305 -19.0813 
vt 34 -19.0813 
vt 34.058 -19.0813 
vt 34.0798 -19.0813 
vt 33.942 -19.0813 
vt 33.9695 -19.0813 
vt 34 -19.0813 
vt 34.0266 -19.093 
vt 34 -19.093 
vt 34.0507 -19.093 
vt 34.082 -19.093 
vt 33.9303 -19.093 
vt 34 -19.093 
vt 34 -19 
vt 33.9499 -19 
vt 33.9523 -19.0164 
vt 33.9594 -19.0313 
vt 33.9705 -19.043 
vt 33.9845 -19.0506 
vt 34 -19.0532 
vt 34.0155 -19.0506 
vt 34.0295 -19.043 
vt 34.0406 -19.0313 
vt 34.0477 -19.0164 
vt 34.0501 -19 
vt 34 -19 
vt 34.0501 -19 
vt 34.0477 -18.9836 
vt 34.0406 -18.9687 
vt 34.0295 -18.957 
vt 34.0155 -18.9494 
vt 34 -18.9468 
vt 33.9845 -18.9494 
vt 33.9705 -18.957 
vt 33.9594 -18.9687 
vt 33.9523 -18.9836 
vt 33.9499 -19 
vt 33.9367 -19.0218 
vt 33.9335 -19 
vt 33.9462 -19.0415 
vt 33.9609 -19.0571 
vt 33.9794 -19.0671 
vt 34 -19.0705 
vt 34.0206 -19.0671 
vt 34.0391 -19.0571 
vt 34.0538 -19.0415 
vt 34.0633 -19.0218 
vt 34.0665 -19 
vt 34.0633 -18.9782 
vt 34.0665 -19 
vt 34.0538 -18.9585 
vt 34.0391 -18.9429 
vt 34.0206 -18.9329 
vt 34 -18.9295 
vt 33.9794 -18.9329 
vt 33.9609 -18.9429 
vt 33.9462 -18.9585 
vt 33.9367 -18.9782 
vt 33.9335 -19 
vt 33.9227 -19.0266 
vt 33.9187 -19 
vt 33.9342 -19.0507 
vt 33.9522 -19.0697 
vt 33.9749 -19.082 
vt 34 -19.0862 
vt 34.0251 -19.082 
vt 34.0478 -19.0697 
vt 34.0658 -19.0507 
vt 34.0773 -19.0266 
vt 34.0813 -19 
vt 34.0773 -18.9734 
vt 34.0813 -19 
vt 34.0658 -18.9493 
vt 34.0478 -18.9303 
vt 34.0251 -18.918 
vt 34 -18.9138 
vt 33.9749 -18.918 
vt 33.9522 -18.9303 
vt 33.9342 -18.9493 
vt 33.9227 -18.9734 
vt 33.9187 -19 
vt 33.9115 -19.0305 
vt 33.9248 -19.058 
vt 33.9453 -19.0798 
vt 33.9713 -19.0938 
vt 34 -19.0986 
vt 34.0287 -19.0938 
vt 34.0547 -19.0798 
vt 34.0752 -19.058 
vt 34.0885 -19.0305 
vt 34.093 -19 
vt 34.0885 -18.9695 
vt 34.093 -19 
vt 34.0752 -18.942 
vt 34.0547 -18.9202 
vt 34.0287 -18.9062 
vt 34 -18.9014 
vt 33.9713 -18.9062 
vt 33.9453 -18.9202 
vt 33.9248 -18.942 
vt 33.9115 -18.9695 
vt 33.907 -19 
vt 33.9335 -18.8995 
vt 34 -18.8995 
vt 33.9749 -18.907 
vt 34.0478 -18.907 
vt 33.9453 -18.9187 
vt 33.9713 -18.9187 
vt 34 -18.9187 
vt 34.0287 -18.9187 
vt 34.0547 -18.9187 
vt 34.0752 -18.9187 
vt 33.8995 -18.9335 
vt 33.9187 -18.9335 
vt 33.9409 -18.9335 
vt 33.9689 -18.9335 
vt 34 -18.9335 
vt 34.0311 -18.9335 
vt 34.0591 -18.9335 
vt 34.0813 -18.9335 
vt 33.9166 -18.9499 
vt 33.9394 -18.9499 
vt 33.9681 -18.9499 
vt 34 -18.9499 
vt 34.0319 -18.9499 
vt 34.0606 -18.9499 
vt 34.0834 -18.9499 
vt 33.9166 -19.0501 
vt 33.9394 -19.0501 
vt 33.9681 -19.0501 
vt 34 -19.0501 
vt 34.0319 -19.0501 
vt 34.0606 -19.0501 
vt 33.9187 -19.0665 
vt 33.9409 -19.0665 
vt 33.9689 -19.0665 
vt 34 -19.0665 
vt 34.0311 -19.0665 
vt 34.0591 -19.0665 
vt 34.0813 -19.0665 
vt 33.9453 -19.0813 
vt 33.9713 -19.0813 
vt 34 -19.0813 
vt 34.0287 -19.0813 
vt 34.0547 -19.0813 
vt 34.0752 -19.0813 
vt 34 -18.8995 
vt 34 -18.8995 
vt 33.9303 -18.907 
vt 34 -18.907 
vt 34 -18.907 
vt 34.0507 -18.907 
vt 33.9202 -18.9187 
vt 33.942 -18.9187 
vt 33.9695 -18.9187 
vt 34 -18.9187 
vt 34.0305 -18.9187 
vt 34 -18.9187 
vt 34.058 -18.9187 
vt 34.0798 -18.9187 
vt 33.9137 -18.9335 
vt 33.9373 -18.9335 
vt 33.9671 -18.9335 
vt 34 -18.9335 
vt 34.0329 -18.9335 
vt 34 -18.9335 
vt 34.0627 -18.9335 
vt 34.0863 -18.9335 
vt 33.9115 -18.9499 
vt 33.9357 -18.9499 
vt 33.9662 -18.9499 
vt 34 -18.9499 
vt 34.0338 -18.9499 
vt 34 -18.9499 
vt 34.0643 -18.9499 
vt 34.0885 -18.9499 
vt 33.9115 -19.0501 
vt 33.9357 -19.0501 
vt 33.9662 -19.0501 
vt 34 -19.0501 
vt 34.0338 -19.0501 
vt 34 -19.0501 
vt 34.0643 -19.0501 
vt 33.9137 -19.0665 
vt 33.9373 -19.0665 
vt 33.9671 -19.0665 
vt 34 -19.0665 
vt 34.0329 -19.0665 
vt 34 -19.0665 
vt 34.0627 -19.0665 
vt 34.0863 -19.0665 
vt 33.942 -19.0813 
vt 33.9695 -19.0813 
vt 34 -19.0813 
vt 34.0305 -19.0813 
vt 34 -19.0813 
vt 34.058 -19.0813 
vt 34.0798 -19.0813 
vt 34.1005 -19 
vt 34.0813 -19.0627 
vt 34.0591 -19.0863 
vt 34 -19.1066 
vt 33.9689 -19.1014 
vt 33.9409 -19.0863 
vt 33.9187 -19.0627 
vt 33.8995 -19 
vt 33.8995 -19 
vt 33.9187 -18.9373 
vt 33.9409 -18.9137 
vt 33.9689 -18.8986 
vt 34 -18.8934 
vt 34.0591 -18.9137 
vt 34.0813 -18.9373 
vt 34.0956 -18.9671 
vt 34.1005 -19 
vt 34.0885 -19.0305 
vt 34.093 -19 
vt 34.0752 -19.058 
vt 34.0547 -19.0798 
vt 34.0287 -19.0938 
vt 34 -19.0986 
vt 33.9713 -19.0938 
vt 33.9453 -19.0798 
vt 33.9248 -19.058 
vt 33.9115 -19.0305 
vt 33.907 -19 
vt 33.9115 -18.9695 
vt 33.907 -19 
vt 33.9248 -18.942 
vt 33.9453 -18.9202 
vt 33.9713 -18.9062 
vt 34 -18.9014 
vt 34.0287 -18.9062 
vt 34.0547 -18.9202 
vt 34.0752 -18.942 
vt 34.0885 -18.9695 
vt 34.0773 -19.0266 
vt 34.0813 -19 
vt 34.0658 -19.0507 
vt 34.0478 -19.0697 
vt 34.0251 -19.082 
vt 34 -19.0862 
vt 33.9749 -19.082 
vt 33.9522 -19.0697 
vt 33.9342 -19.0507 
vt 33.9227 -19.0266 
vt 33.9187 -19 
vt 33.9227 -18.9734 
vt 33.9187 -19 
vt 33.9342 -18.9493 
vt 33.9522 -18.9303 
vt 33.9749 -18.918 
vt 34 -18.9138 
vt 34.0251 -18.918 
vt 34.0478 -18.9303 
vt 34.0658 -18.9493 
vt 34.0773 -18.9734 
vt 34.0813 -19 
vt 34.0633 -19.0218 
vt 34.0665 -19 
vt 34.0538 -19.0415 
vt 34.0391 -19.0571 
vt 34.0206 -19.0671 
vt 34 -19.0705 
vt 33.9794 -19.0671 
vt 33.9609 -19.0571 
vt 33.9462 -19.0415 
vt 33.9367 -19.0218 
vt 33.9335 -19 
vt 33.9367 -18.9782 
vt 33.9335 -19 
vt 33.9462 -18.9585 
vt 33.9609 -18.9429 
vt 33.9794 -18.9329 
vt 34 -18.9295 
vt 34.0206 -18.9329 
vt 34.0391 -18.9429 
vt 34.0538 -18.9585 
vt 34.0633 -18.9782 
vt 34.0665 -19 
vt 34.0477 -19.0164 
vt 34.0501 -19 
vt 34.0406 -19.0313 
vt 34.0295 -19.043 
vt 34.0155 -19.0506 
vt 34 -19.0532 
vt 33.9845 -19.0506 
vt 33.9705 -19.043 
vt 33.9594 -19.0313 
vt 33.9523 -19.0164 
vt 33.9499 -19 
vt 33.9523 -18.9836 
vt 33.9499 -19 
vt 33.9594 -18.9687 
vt 33.9705 -18.957 
vt 33.9845 -18.9494 
vt 34 -18.9468 
vt 34.0155 -18.9494 
vt 34.0295 -18.957 
vt 34.0406 -18.9687 
vt 34.0477 -18.9836 
vt 34.0501 -19 
vt 34 -19 
vt 34 -19 
vt 34 -18.8995 
vt 33.9187 -18.907 
vt 33.9749 -18.907 
vt 34.0478 -18.907 
vt 33.9248 -18.9187 
vt 33.9453 -18.9187 
vt 33.9713 -18.9187 
vt 34 -18.9187 
vt 34.0287 -18.9187 
vt 34.0547 -18.9187 
vt 33.9409 -18.9335 
vt 33.9689 -18.9335 
vt 34 -18.9335 
vt 34.0311 -18.9335 
vt 34.0591 -18.9335 
vt 34.0813 -18.9335 
vt 33.9394 -18.9499 
vt 33.9681 -18.9499 
vt 34 -18.9499 
vt 34.0319 -18.9499 
vt 34.0606 -18.9499 
vt 34.0834 -18.9499 
vt 33.9166 -19.0501 
vt 33.9394 -19.0501 
vt 33.9681 -19.0501 
vt 34 -19.0501 
vt 34.0319 -19.0501 
vt 34.0606 -19.0501 
vt 33.8995 -19.0665 
vt 33.9187 -19.0665 
vt 33.9409 -19.0665 
vt 33.9689 -19.0665 
vt 34 -19.0665 
vt 34.0311 -19.0665 
vt 34.0591 -19.0665 
vt 34.0813 -19.0665 
vt 33.9248 -19.0813 
vt 33.9453 -19.0813 
vt 33.9713 -19.0813 
vt 34 -19.0813 
vt 34.0287 -19.0813 
vt 34.0547 -19.0813 
vt 34.0752 -19.0813 

usemtl Lleg1Mtl

f 677/677/677 684/684/684 683/683/683 
f 689/689/689 682/682/682 681/681/681 
f 690/690/690 683/683/683 684/684/684 
f 684/684/684 691/691/691 690/690/690 
f 692/692/692 685/685/685 683/683/683 
f 683/683/683 690/690/690 692/692/692 
f 685/685/685 692/692/692 693/693/693 
f 686/686/686 695/695/695 696/696/696 
f 697/697/697 688/688/688 687/687/687 
f 687/687/687 696/696/696 697/697/697 
f 698/698/698 689/689/689 688/688/688 
f 688/688/688 697/697/697 698/698/698 
f 699/699/699 690/690/690 691/691/691 
f 691/691/691 700/700/700 699/699/699 
f 701/701/701 692/692/692 690/690/690 
f 690/690/690 699/699/699 701/701/701 
f 702/702/702 693/693/693 692/692/692 
f 692/692/692 701/701/701 702/702/702 
f 695/695/695 703/703/703 704/704/704 
f 705/705/705 697/697/697 696/696/696 
f 696/696/696 704/704/704 705/705/705 
f 706/706/706 698/698/698 697/697/697 
f 697/697/697 705/705/705 706/706/706 
f 707/707/707 699/699/699 700/700/700 
f 700/700/700 708/708/708 707/707/707 
f 709/709/709 701/701/701 699/699/699 
f 699/699/699 707/707/707 709/709/709 
f 710/710/710 702/702/702 701/701/701 
f 701/701/701 709/709/709 710/710/710 
f 712/712/712 704/704/704 703/703/703 
f 703/703/703 711/711/711 712/712/712 
f 713/713/713 705/705/705 704/704/704 
f 704/704/704 712/712/712 713/713/713 
f 714/714/714 706/706/706 705/705/705 
f 705/705/705 713/713/713 714/714/714 
f 715/715/715 707/707/707 708/708/708 
f 708/708/708 716/716/716 715/715/715 
f 717/717/717 709/709/709 707/707/707 
f 707/707/707 715/715/715 717/717/717 
f 718/718/718 710/710/710 709/709/709 
f 721/721/721 712/712/712 711/711/711 
f 711/711/711 720/720/720 721/721/721 
f 722/722/722 713/713/713 712/712/712 
f 712/712/712 721/721/721 722/722/722 
f 723/723/723 714/714/714 713/713/713 
f 713/713/713 722/722/722 723/723/723 
f 724/724/724 715/715/715 716/716/716 
f 716/716/716 725/725/725 724/724/724 
f 726/726/726 717/717/717 715/715/715 
f 715/715/715 724/724/724 726/726/726 
f 727/727/727 718/718/718 717/717/717 
f 729/729/729 722/722/722 721/721/721 
f 721/721/721 728/728/728 729/729/729 
f 730/730/730 723/723/723 722/722/722 
f 722/722/722 729/729/729 730/730/730 
f 725/725/725 732/732/732 731/731/731 
f 736/736/736 730/730/730 729/729/729 
f 737/737/737 738/738/738 739/739/739 
f 737/737/737 739/739/739 740/740/740 
f 737/737/737 740/740/740 741/741/741 
f 737/737/737 741/741/741 742/742/742 
f 737/737/737 742/742/742 743/743/743 
f 737/737/737 743/743/743 744/744/744 
f 737/737/737 744/744/744 745/745/745 
f 737/737/737 745/745/745 746/746/746 
f 737/737/737 746/746/746 747/747/747 
f 737/737/737 747/747/747 748/748/748 
f 749/749/749 750/750/750 751/751/751 
f 749/749/749 751/751/751 752/752/752 
f 749/749/749 752/752/752 753/753/753 
f 749/749/749 753/753/753 754/754/754 
f 749/749/749 754/754/754 755/755/755 
f 749/749/749 755/755/755 756/756/756 
f 749/749/749 756/756/756 757/757/757 
f 749/749/749 757/757/757 758/758/758 
f 749/749/749 758/758/758 759/759/759 
f 749/749/749 759/759/759 760/760/760 
f 761/761/761 739/739/739 738/738/738 
f 738/738/738 762/762/762 761/761/761 
f 763/763/763 740/740/740 739/739/739 
f 739/739/739 761/761/761 763/763/763 
f 764/764/764 741/741/741 740/740/740 
f 740/740/740 763/763/763 764/764/764 
f 765/765/765 742/742/742 741/741/741 
f 741/741/741 764/764/764 765/765/765 
f 766/766/766 743/743/743 742/742/742 
f 742/742/742 765/765/765 766/766/766 
f 767/767/767 744/744/744 743/743/743 
f 743/743/743 766/766/766 767/767/767 
f 768/768/768 745/745/745 744/744/744 
f 744/744/744 767/767/767 768/768/768 
f 769/769/769 746/746/746 745/745/745 
f 745/745/745 768/768/768 769/769/769 
f 770/770/770 747/747/747 746/746/746 
f 746/746/746 769/769/769 770/770/770 
f 771/771/771 748/748/748 747/747/747 
f 747/747/747 770/770/770 771/771/771 
f 772/772/772 751/751/751 750/750/750 
f 750/750/750 773/773/773 772/772/772 
f 774/774/774 752/752/752 751/751/751 
f 751/751/751 772/772/772 774/774/774 
f 775/775/775 753/753/753 752/752/752 
f 752/752/752 774/774/774 775/775/775 
f 776/776/776 754/754/754 753/753/753 
f 753/753/753 775/775/775 776/776/776 
f 777/777/777 755/755/755 754/754/754 
f 754/754/754 776/776/776 777/777/777 
f 778/778/778 756/756/756 755/755/755 
f 755/755/755 777/777/777 778/778/778 
f 779/779/779 757/757/757 756/756/756 
f 756/756/756 778/778/778 779/779/779 
f 780/780/780 758/758/758 757/757/757 
f 757/757/757 779/779/779 780/780/780 
f 781/781/781 759/759/759 758/758/758 
f 758/758/758 780/780/780 781/781/781 
f 782/782/782 760/760/760 759/759/759 
f 759/759/759 781/781/781 782/782/782 
f 783/783/783 761/761/761 762/762/762 
f 762/762/762 784/784/784 783/783/783 
f 785/785/785 763/763/763 761/761/761 
f 761/761/761 783/783/783 785/785/785 
f 786/786/786 764/764/764 763/763/763 
f 763/763/763 785/785/785 786/786/786 
f 787/787/787 765/765/765 764/764/764 
f 764/764/764 786/786/786 787/787/787 
f 788/788/788 766/766/766 765/765/765 
f 765/765/765 787/787/787 788/788/788 
f 789/789/789 767/767/767 766/766/766 
f 766/766/766 788/788/788 789/789/789 
f 790/790/790 768/768/768 767/767/767 
f 767/767/767 789/789/789 790/790/790 
f 791/791/791 769/769/769 768/768/768 
f 768/768/768 790/790/790 791/791/791 
f 792/792/792 770/770/770 769/769/769 
f 769/769/769 791/791/791 792/792/792 
f 793/793/793 771/771/771 770/770/770 
f 770/770/770 792/792/792 793/793/793 
f 794/794/794 772/772/772 773/773/773 
f 773/773/773 795/795/795 794/794/794 
f 796/796/796 774/774/774 772/772/772 
f 772/772/772 794/794/794 796/796/796 
f 797/797/797 775/775/775 774/774/774 
f 774/774/774 796/796/796 797/797/797 
f 798/798/798 776/776/776 775/775/775 
f 775/775/775 797/797/797 798/798/798 
f 799/799/799 777/777/777 776/776/776 
f 776/776/776 798/798/798 799/799/799 
f 800/800/800 778/778/778 777/777/777 
f 777/777/777 799/799/799 800/800/800 
f 801/801/801 779/779/779 778/778/778 
f 778/778/778 800/800/800 801/801/801 
f 802/802/802 780/780/780 779/779/779 
f 779/779/779 801/801/801 802/802/802 
f 803/803/803 781/781/781 780/780/780 
f 780/780/780 802/802/802 803/803/803 
f 804/804/804 782/782/782 781/781/781 
f 781/781/781 803/803/803 804/804/804 
f 805/805/805 783/783/783 784/784/784 
f 806/806/806 785/785/785 783/783/783 
f 783/783/783 805/805/805 806/806/806 
f 807/807/807 786/786/786 785/785/785 
f 785/785/785 806/806/806 807/807/807 
f 808/808/808 787/787/787 786/786/786 
f 786/786/786 807/807/807 808/808/808 
f 809/809/809 788/788/788 787/787/787 
f 787/787/787 808/808/808 809/809/809 
f 810/810/810 789/789/789 788/788/788 
f 788/788/788 809/809/809 810/810/810 
f 811/811/811 790/790/790 789/789/789 
f 789/789/789 810/810/810 811/811/811 
f 812/812/812 791/791/791 790/790/790 
f 790/790/790 811/811/811 812/812/812 
f 813/813/813 792/792/792 791/791/791 
f 791/791/791 812/812/812 813/813/813 
f 814/814/814 793/793/793 792/792/792 
f 792/792/792 813/813/813 814/814/814 
f 815/815/815 794/794/794 795/795/795 
f 795/795/795 816/816/816 815/815/815 
f 817/817/817 796/796/796 794/794/794 
f 794/794/794 815/815/815 817/817/817 
f 818/818/818 797/797/797 796/796/796 
f 796/796/796 817/817/817 818/818/818 
f 819/819/819 798/798/798 797/797/797 
f 797/797/797 818/818/818 819/819/819 
f 820/820/820 799/799/799 798/798/798 
f 798/798/798 819/819/819 820/820/820 
f 821/821/821 800/800/800 799/799/799 
f 799/799/799 820/820/820 821/821/821 
f 822/822/822 801/801/801 800/800/800 
f 800/800/800 821/821/821 822/822/822 
f 823/823/823 802/802/802 801/801/801 
f 801/801/801 822/822/822 823/823/823 
f 824/824/824 803/803/803 802/802/802 
f 802/802/802 823/823/823 824/824/824 
f 803/803/803 824/824/824 825/825/825 
f 839/839/839 831/831/831 830/830/830 
f 830/830/830 838/838/838 839/839/839 
f 840/840/840 832/832/832 831/831/831 
f 831/831/831 839/839/839 840/840/840 
f 841/841/841 833/833/833 832/832/832 
f 832/832/832 840/840/840 841/841/841 
f 842/842/842 834/834/834 833/833/833 
f 833/833/833 841/841/841 842/842/842 
f 843/843/843 835/835/835 834/834/834 
f 837/837/837 844/844/844 845/845/845 
f 846/846/846 839/839/839 838/838/838 
f 838/838/838 845/845/845 846/846/846 
f 847/847/847 840/840/840 839/839/839 
f 839/839/839 846/846/846 847/847/847 
f 848/848/848 841/841/841 840/840/840 
f 840/840/840 847/847/847 848/848/848 
f 849/849/849 842/842/842 841/841/841 
f 841/841/841 848/848/848 849/849/849 
f 850/850/850 843/843/843 842/842/842 
f 852/852/852 845/845/845 844/844/844 
f 844/844/844 851/851/851 852/852/852 
f 853/853/853 846/846/846 845/845/845 
f 845/845/845 852/852/852 853/853/853 
f 854/854/854 847/847/847 846/846/846 
f 846/846/846 853/853/853 854/854/854 
f 855/855/855 848/848/848 847/847/847 
f 847/847/847 854/854/854 855/855/855 
f 856/856/856 849/849/849 848/848/848 
f 848/848/848 855/855/855 856/856/856 
f 858/858/858 852/852/852 851/851/851 
f 859/859/859 853/853/853 852/852/852 
f 852/852/852 858/858/858 859/859/859 
f 860/860/860 854/854/854 853/853/853 
f 853/853/853 859/859/859 860/860/860 
f 861/861/861 855/855/855 854/854/854 
f 854/854/854 860/860/860 861/861/861 
f 862/862/862 856/856/856 855/855/855 
f 855/855/855 861/861/861 862/862/862 
f 865/865/865 859/859/859 858/858/858 
f 858/858/858 864/864/864 865/865/865 
f 866/866/866 860/860/860 859/859/859 
f 859/859/859 865/865/865 866/866/866 
f 867/867/867 861/861/861 860/860/860 
f 860/860/860 866/866/866 867/867/867 
f 868/868/868 862/862/862 861/861/861 
f 861/861/861 867/867/867 868/868/868 
f 869/869/869 863/863/863 862/862/862 
f 862/862/862 868/868/868 869/869/869 
f 885/885/885 877/877/877 876/876/876 
f 876/876/876 884/884/884 885/885/885 
f 886/886/886 878/878/878 877/877/877 
f 877/877/877 885/885/885 886/886/886 
f 887/887/887 879/879/879 878/878/878 
f 878/878/878 886/886/886 887/887/887 
f 888/888/888 880/880/880 881/881/881 
f 881/881/881 889/889/889 888/888/888 
f 890/890/890 882/882/882 880/880/880 
f 880/880/880 888/888/888 890/890/890 
f 891/891/891 883/883/883 882/882/882 
f 882/882/882 890/890/890 891/891/891 
f 894/894/894 886/886/886 885/885/885 
f 885/885/885 893/893/893 894/894/894 
f 895/895/895 887/887/887 886/886/886 
f 886/886/886 894/894/894 895/895/895 
f 896/896/896 888/888/888 889/889/889 
f 889/889/889 897/897/897 896/896/896 
f 898/898/898 890/890/890 888/888/888 
f 888/888/888 896/896/896 898/898/898 
f 899/899/899 891/891/891 890/890/890 
f 901/901/901 893/893/893 892/892/892 
f 892/892/892 900/900/900 901/901/901 
f 902/902/902 894/894/894 893/893/893 
f 893/893/893 901/901/901 902/902/902 
f 903/903/903 895/895/895 894/894/894 
f 894/894/894 902/902/902 903/903/903 
f 904/904/904 896/896/896 897/897/897 
f 897/897/897 905/905/905 904/904/904 
f 906/906/906 898/898/898 896/896/896 
f 896/896/896 904/904/904 906/906/906 
f 908/908/908 901/901/901 900/900/900 
f 900/900/900 907/907/907 908/908/908 
f 909/909/909 902/902/902 901/901/901 
f 901/901/901 908/908/908 909/909/909 
f 910/910/910 903/903/903 902/902/902 
f 902/902/902 909/909/909 910/910/910 
f 911/911/911 904/904/904 905/905/905 
f 905/905/905 912/912/912 911/911/911 
f 913/913/913 906/906/906 904/904/904 
f 904/904/904 911/911/911 913/913/913 
f 906/906/906 913/913/913 914/914/914 
f 916/916/916 909/909/909 908/908/908 
f 908/908/908 915/915/915 916/916/916 
f 917/917/917 910/910/910 909/909/909 
f 909/909/909 916/916/916 917/917/917 
f 918/918/918 911/911/911 912/912/912 
f 912/912/912 919/919/919 918/918/918 
f 920/920/920 913/913/913 911/911/911 
f 911/911/911 918/918/918 920/920/920 
f 921/921/921 914/914/914 913/913/913 
f 913/913/913 920/920/920 921/921/921 
f 960/960/960 939/939/939 940/940/940 
f 962/962/962 941/941/941 939/939/939 
f 939/939/939 960/960/960 962/962/962 
f 963/963/963 942/942/942 941/941/941 
f 941/941/941 962/962/962 963/963/963 
f 964/964/964 943/943/943 942/942/942 
f 942/942/942 963/963/963 964/964/964 
f 965/965/965 944/944/944 943/943/943 
f 943/943/943 964/964/964 965/965/965 
f 966/966/966 945/945/945 944/944/944 
f 944/944/944 965/965/965 966/966/966 
f 967/967/967 946/946/946 945/945/945 
f 945/945/945 966/966/966 967/967/967 
f 968/968/968 947/947/947 946/946/946 
f 946/946/946 967/967/967 968/968/968 
f 969/969/969 948/948/948 947/947/947 
f 947/947/947 968/968/968 969/969/969 
f 970/970/970 949/949/949 948/948/948 
f 948/948/948 969/969/969 970/970/970 
f 971/971/971 950/950/950 951/951/951 
f 951/951/951 972/972/972 971/971/971 
f 973/973/973 952/952/952 950/950/950 
f 950/950/950 971/971/971 973/973/973 
f 974/974/974 953/953/953 952/952/952 
f 952/952/952 973/973/973 974/974/974 
f 975/975/975 954/954/954 953/953/953 
f 953/953/953 974/974/974 975/975/975 
f 976/976/976 955/955/955 954/954/954 
f 954/954/954 975/975/975 976/976/976 
f 977/977/977 956/956/956 955/955/955 
f 955/955/955 976/976/976 977/977/977 
f 978/978/978 957/957/957 956/956/956 
f 956/956/956 977/977/977 978/978/978 
f 979/979/979 958/958/958 957/957/957 
f 957/957/957 978/978/978 979/979/979 
f 980/980/980 959/959/959 958/958/958 
f 958/958/958 979/979/979 980/980/980 
f 959/959/959 980/980/980 981/981/981 
f 982/982/982 960/960/960 961/961/961 
f 961/961/961 983/983/983 982/982/982 
f 984/984/984 962/962/962 960/960/960 
f 960/960/960 982/982/982 984/984/984 
f 985/985/985 963/963/963 962/962/962 
f 962/962/962 984/984/984 985/985/985 
f 986/986/986 964/964/964 963/963/963 
f 963/963/963 985/985/985 986/986/986 
f 987/987/987 965/965/965 964/964/964 
f 964/964/964 986/986/986 987/987/987 
f 988/988/988 966/966/966 965/965/965 
f 965/965/965 987/987/987 988/988/988 
f 989/989/989 967/967/967 966/966/966 
f 966/966/966 988/988/988 989/989/989 
f 990/990/990 968/968/968 967/967/967 
f 967/967/967 989/989/989 990/990/990 
f 991/991/991 969/969/969 968/968/968 
f 968/968/968 990/990/990 991/991/991 
f 992/992/992 970/970/970 969/969/969 
f 969/969/969 991/991/991 992/992/992 
f 993/993/993 971/971/971 972/972/972 
f 972/972/972 994/994/994 993/993/993 
f 995/995/995 973/973/973 971/971/971 
f 971/971/971 993/993/993 995/995/995 
f 996/996/996 974/974/974 973/973/973 
f 973/973/973 995/995/995 996/996/996 
f 997/997/997 975/975/975 974/974/974 
f 974/974/974 996/996/996 997/997/997 
f 998/998/998 976/976/976 975/975/975 
f 975/975/975 997/997/997 998/998/998 
f 999/999/999 977/977/977 976/976/976 
f 976/976/976 998/998/998 999/999/999 
f 1000/1000/1000 978/978/978 977/977/977 
f 977/977/977 999/999/999 1000/1000/1000 
f 1001/1001/1001 979/979/979 978/978/978 
f 978/978/978 1000/1000/1000 1001/1001/1001 
f 1002/1002/1002 980/980/980 979/979/979 
f 979/979/979 1001/1001/1001 1002/1002/1002 
f 1003/1003/1003 981/981/981 980/980/980 
f 980/980/980 1002/1002/1002 1003/1003/1003 
f 1004/1004/1004 982/982/982 983/983/983 
f 983/983/983 1005/1005/1005 1004/1004/1004 
f 1006/1006/1006 984/984/984 982/982/982 
f 982/982/982 1004/1004/1004 1006/1006/1006 
f 1007/1007/1007 985/985/985 984/984/984 
f 984/984/984 1006/1006/1006 1007/1007/1007 
f 1008/1008/1008 986/986/986 985/985/985 
f 985/985/985 1007/1007/1007 1008/1008/1008 
f 1009/1009/1009 987/987/987 986/986/986 
f 986/986/986 1008/1008/1008 1009/1009/1009 
f 1010/1010/1010 988/988/988 987/987/987 
f 987/987/987 1009/1009/1009 1010/1010/1010 
f 1011/1011/1011 989/989/989 988/988/988 
f 988/988/988 1010/1010/1010 1011/1011/1011 
f 1012/1012/1012 990/990/990 989/989/989 
f 989/989/989 1011/1011/1011 1012/1012/1012 
f 1013/1013/1013 991/991/991 990/990/990 
f 990/990/990 1012/1012/1012 1013/1013/1013 
f 1014/1014/1014 992/992/992 991/991/991 
f 991/991/991 1013/1013/1013 1014/1014/1014 
f 1015/1015/1015 993/993/993 994/994/994 
f 994/994/994 1016/1016/1016 1015/1015/1015 
f 1017/1017/1017 995/995/995 993/993/993 
f 993/993/993 1015/1015/1015 1017/1017/1017 
f 1018/1018/1018 996/996/996 995/995/995 
f 995/995/995 1017/1017/1017 1018/1018/1018 
f 1019/1019/1019 997/997/997 996/996/996 
f 996/996/996 1018/1018/1018 1019/1019/1019 
f 1020/1020/1020 998/998/998 997/997/997 
f 997/997/997 1019/1019/1019 1020/1020/1020 
f 1021/1021/1021 999/999/999 998/998/998 
f 998/998/998 1020/1020/1020 1021/1021/1021 
f 1022/1022/1022 1000/1000/1000 999/999/999 
f 999/999/999 1021/1021/1021 1022/1022/1022 
f 1023/1023/1023 1001/1001/1001 1000/1000/1000 
f 1000/1000/1000 1022/1022/1022 1023/1023/1023 
f 1024/1024/1024 1002/1002/1002 1001/1001/1001 
f 1001/1001/1001 1023/1023/1023 1024/1024/1024 
f 1025/1025/1025 1003/1003/1003 1002/1002/1002 
f 1002/1002/1002 1024/1024/1024 1025/1025/1025 
f 1005/1005/1005 1026/1026/1026 1004/1004/1004 
f 1004/1004/1004 1026/1026/1026 1006/1006/1006 
f 1006/1006/1006 1026/1026/1026 1007/1007/1007 
f 1007/1007/1007 1026/1026/1026 1008/1008/1008 
f 1008/1008/1008 1026/1026/1026 1009/1009/1009 
f 1009/1009/1009 1026/1026/1026 1010/1010/1010 
f 1010/1010/1010 1026/1026/1026 1011/1011/1011 
f 1011/1011/1011 1026/1026/1026 1012/1012/1012 
f 1012/1012/1012 1026/1026/1026 1013/1013/1013 
f 1013/1013/1013 1026/1026/1026 1014/1014/1014 
f 1016/1016/1016 1027/1027/1027 1015/1015/1015 
f 1015/1015/1015 1027/1027/1027 1017/1017/1017 
f 1017/1017/1017 1027/1027/1027 1018/1018/1018 
f 1018/1018/1018 1027/1027/1027 1019/1019/1019 
f 1019/1019/1019 1027/1027/1027 1020/1020/1020 
f 1020/1020/1020 1027/1027/1027 1021/1021/1021 
f 1021/1021/1021 1027/1027/1027 1022/1022/1022 
f 1022/1022/1022 1027/1027/1027 1023/1023/1023 
f 1023/1023/1023 1027/1027/1027 1024/1024/1024 
f 1024/1024/1024 1027/1027/1027 1025/1025/1025 
f 1038/1038/1038 1033/1033/1033 1032/1032/1032 
f 1039/1039/1039 1034/1034/1034 1033/1033/1033 
f 1033/1033/1033 1038/1038/1038 1039/1039/1039 
f 1040/1040/1040 1035/1035/1035 1034/1034/1034 
f 1034/1034/1034 1039/1039/1039 1040/1040/1040 
f 1041/1041/1041 1036/1036/1036 1035/1035/1035 
f 1035/1035/1035 1040/1040/1040 1041/1041/1041 
f 1042/1042/1042 1037/1037/1037 1036/1036/1036 
f 1036/1036/1036 1041/1041/1041 1042/1042/1042 
f 1045/1045/1045 1039/1039/1039 1038/1038/1038 
f 1038/1038/1038 1044/1044/1044 1045/1045/1045 
f 1046/1046/1046 1040/1040/1040 1039/1039/1039 
f 1039/1039/1039 1045/1045/1045 1046/1046/1046 
f 1047/1047/1047 1041/1041/1041 1040/1040/1040 
f 1040/1040/1040 1046/1046/1046 1047/1047/1047 
f 1048/1048/1048 1042/1042/1042 1041/1041/1041 
f 1041/1041/1041 1047/1047/1047 1048/1048/1048 
f 1049/1049/1049 1043/1043/1043 1042/1042/1042 
f 1042/1042/1042 1048/1048/1048 1049/1049/1049 
f 1052/1052/1052 1045/1045/1045 1044/1044/1044 
f 1044/1044/1044 1051/1051/1051 1052/1052/1052 
f 1053/1053/1053 1046/1046/1046 1045/1045/1045 
f 1045/1045/1045 1052/1052/1052 1053/1053/1053 
f 1054/1054/1054 1047/1047/1047 1046/1046/1046 
f 1046/1046/1046 1053/1053/1053 1054/1054/1054 
f 1055/1055/1055 1048/1048/1048 1047/1047/1047 
f 1047/1047/1047 1054/1054/1054 1055/1055/1055 
f 1050/1050/1050 1057/1057/1057 1058/1058/1058 
f 1059/1059/1059 1052/1052/1052 1051/1051/1051 
f 1051/1051/1051 1058/1058/1058 1059/1059/1059 
f 1060/1060/1060 1053/1053/1053 1052/1052/1052 
f 1052/1052/1052 1059/1059/1059 1060/1060/1060 
f 1061/1061/1061 1054/1054/1054 1053/1053/1053 
f 1053/1053/1053 1060/1060/1060 1061/1061/1061 
f 1062/1062/1062 1055/1055/1055 1054/1054/1054 
f 1054/1054/1054 1061/1061/1061 1062/1062/1062 
f 1057/1057/1057 1064/1064/1064 1065/1065/1065 
f 1066/1066/1066 1059/1059/1059 1058/1058/1058 
f 1058/1058/1058 1065/1065/1065 1066/1066/1066 
f 1067/1067/1067 1060/1060/1060 1059/1059/1059 
f 1059/1059/1059 1066/1066/1066 1067/1067/1067 
f 1068/1068/1068 1061/1061/1061 1060/1060/1060 
f 1060/1060/1060 1067/1067/1067 1068/1068/1068 
f 1069/1069/1069 1062/1062/1062 1061/1061/1061 
f 1061/1061/1061 1068/1068/1068 1069/1069/1069 
f 1070/1070/1070 1063/1063/1063 1062/1062/1062 
f 1062/1062/1062 1069/1069/1069 1070/1070/1070 

g Torso1

v 0.885606 0.942798 -0.5 
v 0.885606 0.999811 -0.443226 
v 1 0.942798 -0.443226 
v 0.885606 0.999811 0.443227 
v 0.885606 0.942798 0.5 
v 1 0.942798 0.443227 
v 0.885606 0.999811 -0.443226 
v 1 0.942798 -0.443226 
v 0.885606 -1.00019 -0.443226 
v 0.885606 -0.943177 -0.5 
v 1 -0.943177 -0.443226 
v 0.885606 -1.00019 0.443227 
v 1 -0.943177 0.443227 
v 0.885606 -0.943177 0.5 
v 0.885606 0.942798 -0.5 
v 0.885606 -0.943177 -0.5 
v 1 0.942798 -0.443226 
v 1 -0.943177 -0.443226 
v 0.885606 -0.943177 0.5 
v 0.885606 0.942798 0.5 
v 1 -0.943177 0.443227 
v 1 0.942798 0.443227 
v 1 -0.943177 -0.443226 
v 1 0.942798 -0.443226 
v 0.885606 0.999811 -0.443226 
v -0.885606 0.999811 -0.443227 
v -0.885606 0.999811 0.443226 
v 0.885606 0.999811 0.443227 
v -0.885606 -1.00019 0.443226 
v -0.885606 -0.943177 0.5 
v -1 -0.943177 0.443226 
v -0.885606 0.999811 0.443226 
v -1 0.942798 0.443226 
v -0.885606 0.942798 0.5 
v -0.885606 0.999811 0.443226 
v 0.885606 0.999811 0.443227 
v -0.885606 0.942798 0.5 
v 0.885606 0.942798 0.5 
v 0.885606 -0.943177 0.5 
v -0.885606 -1.00019 0.443226 
v 0.885606 -1.00019 0.443227 
v -0.885606 -0.943177 0.5 
v -1 -0.943177 0.443226 
v -1 0.942798 0.443226 
v -0.885606 -0.943177 0.5 
v -0.885606 0.942798 0.5 
v 0.885606 -0.943177 0.5 
v 0.885606 0.942798 0.5 
v -0.885606 -1.00019 -0.443227 
v -1 -0.943177 0.443226 
v -1 -0.943177 -0.443227 
v -0.885606 -1.00019 0.443226 
v -0.885606 0.999811 -0.443227 
v -1 0.942798 -0.443227 
v -0.885606 0.999811 0.443226 
v -1 0.942798 0.443226 
v -1 -0.943177 -0.443227 
v -1 0.942798 -0.443227 
v -1 -0.943177 0.443226 
v -1 0.942798 0.443226 
v -0.885606 -1.00019 0.443226 
v 0.885606 -1.00019 0.443227 
v -0.885606 -1.00019 -0.443227 
v 0.885606 -1.00019 -0.443226 
v -0.885606 -1.00019 -0.443227 
v -1 -0.943177 -0.443227 
v -0.885606 -0.943177 -0.5 
v -0.885606 0.999811 -0.443227 
v -0.885606 0.942798 -0.5 
v -1 0.942798 -0.443227 
v 0.885606 0.999811 -0.443226 
v -0.885606 0.999811 -0.443227 
v 0.885606 0.942798 -0.5 
v -0.885606 0.942798 -0.5 
v -0.885606 -1.00019 -0.443227 
v 0.885606 -1.00019 -0.443226 
v -0.885606 -0.943177 -0.5 
v 0.885606 -0.943177 -0.5 
v 0.885606 0.942798 -0.5 
v -0.885606 -0.943177 -0.5 
v -0.885606 0.942798 -0.5 
v 0.885606 -0.943177 -0.5 
v -1 -0.943177 -0.443227 
v -1 0.942798 -0.443227 

vn 0.181102 0.354331 -0.913386 
vn 0.181102 0.913386 -0.362205 
vn 0.669291 0.527559 -0.527559 
vn 0.181102 0.913386 0.362205 
vn 0.181102 0.354331 0.913386 
vn 0.669291 0.527559 0.527559 
vn 0.181102 0.913386 -0.362205 
vn 0.669291 0.527559 -0.527559 
vn 0.181102 -0.913386 -0.362205 
vn 0.181102 -0.354331 -0.913386 
vn 0.669291 -0.527559 -0.527559 
vn 0.181102 -0.913386 0.362205 
vn 0.669291 -0.527559 0.527559 
vn 0.181102 -0.354331 0.913386 
vn 0.181102 0.354331 -0.913386 
vn 0.181102 -0.354331 -0.913386 
vn 0.669291 0.527559 -0.527559 
vn 0.669291 -0.527559 -0.527559 
vn 0.181102 -0.354331 0.913386 
vn 0.181102 0.354331 0.913386 
vn 0.669291 -0.527559 0.527559 
vn 0.669291 0.527559 0.527559 
vn 0.669291 -0.527559 -0.527559 
vn 0.669291 0.527559 -0.527559 
vn 0.181102 0.913386 -0.362205 
vn -0.181102 0.913386 -0.362205 
vn -0.181102 0.913386 0.362205 
vn 0.181102 0.913386 0.362205 
vn -0.181102 -0.913386 0.362205 
vn -0.181102 -0.354331 0.913386 
vn -0.669291 -0.527559 0.527559 
vn -0.181102 0.913386 0.362205 
vn -0.669291 0.527559 0.527559 
vn -0.181102 0.354331 0.913386 
vn -0.181102 0.913386 0.362205 
vn 0.181102 0.913386 0.362205 
vn -0.181102 0.354331 0.913386 
vn 0.181102 0.354331 0.913386 
vn 0.181102 -0.354331 0.913386 
vn -0.181102 -0.913386 0.362205 
vn 0.181102 -0.913386 0.362205 
vn -0.181102 -0.354331 0.913386 
vn -0.669291 -0.527559 0.527559 
vn -0.669291 0.527559 0.527559 
vn -0.181102 -0.354331 0.913386 
vn -0.181102 0.354331 0.913386 
vn 0.181102 -0.354331 0.913386 
vn 0.181102 0.354331 0.913386 
vn -0.181102 -0.913386 -0.362205 
vn -0.669291 -0.527559 0.527559 
vn -0.669291 -0.527559 -0.527559 
vn -0.181102 -0.913386 0.362205 
vn -0.181102 0.913386 -0.362205 
vn -0.669291 0.527559 -0.527559 
vn -0.181102 0.913386 0.362205 
vn -0.669291 0.527559 0.527559 
vn -0.669291 -0.527559 -0.527559 
vn -0.669291 0.527559 -0.527559 
vn -0.669291 -0.527559 0.527559 
vn -0.669291 0.527559 0.527559 
vn -0.181102 -0.913386 0.362205 
vn 0.181102 -0.913386 0.362205 
vn -0.181102 -0.913386 -0.362205 
vn 0.181102 -0.913386 -0.362205 
vn -0.181102 -0.913386 -0.362205 
vn -0.669291 -0.527559 -0.527559 
vn -0.181102 -0.354331 -0.913386 
vn -0.181102 0.913386 -0.362205 
vn -0.181102 0.354331 -0.913386 
vn -0.669291 0.527559 -0.527559 
vn 0.181102 0.913386 -0.362205 
vn -0.181102 0.913386 -0.362205 
vn 0.181102 0.354331 -0.913386 
vn -0.181102 0.354331 -0.913386 
vn -0.181102 -0.913386 -0.362205 
vn 0.181102 -0.913386 -0.362205 
vn -0.181102 -0.354331 -0.913386 
vn 0.181102 -0.354331 -0.913386 
vn 0.181102 0.354331 -0.913386 
vn -0.181102 -0.354331 -0.913386 
vn -0.181102 0.354331 -0.913386 
vn 0.181102 -0.354331 -0.913386 
vn -0.669291 -0.527559 -0.527559 
vn -0.669291 0.527559 -0.527559 

vt 10.0625 -12.8821 
vt 10.0554 -12.875 
vt 10.0554 -12.8821 
vt 9.9446 -12.875 
vt 9.9375 -12.8821 
vt 9.9446 -12.8821 
vt 10.0554 -12.875 
vt 10.0554 -12.8821 
vt 10.0554 -13.125 
vt 10.0625 -13.1179 
vt 10.0554 -13.1179 
vt 9.9446 -13.125 
vt 9.9446 -13.1179 
vt 9.9375 -13.1179 
vt 10.0625 -12.8821 
vt 10.0625 -13.1179 
vt 10.0554 -12.8821 
vt 10.0554 -13.1179 
vt 9.9375 -13.1179 
vt 9.9375 -12.8821 
vt 9.9446 -13.1179 
vt 9.9446 -12.8821 
vt 10.0554 -13.1179 
vt 10.0554 -12.8821 
vt 9.8893 -13.0554 
vt 10.1107 -13.0554 
vt 10.1107 -12.9446 
vt 9.8893 -12.9446 
vt 9.8893 -13.125 
vt 9.8893 -13.1179 
vt 9.875 -13.1179 
vt 9.8893 -12.875 
vt 9.875 -12.8821 
vt 9.8893 -12.8821 
vt 9.8893 -12.875 
vt 10.1107 -12.875 
vt 9.8893 -12.8821 
vt 10.1107 -12.8821 
vt 10.1107 -13.1179 
vt 9.8893 -13.125 
vt 10.1107 -13.125 
vt 9.8893 -13.1179 
vt 9.875 -13.1179 
vt 9.875 -12.8821 
vt 9.8893 -13.1179 
vt 9.8893 -12.8821 
vt 10.1107 -13.1179 
vt 10.1107 -12.8821 
vt 9.9446 -13.125 
vt 10.0554 -13.1179 
vt 9.9446 -13.1179 
vt 10.0554 -13.125 
vt 9.9446 -12.875 
vt 9.9446 -12.8821 
vt 10.0554 -12.875 
vt 10.0554 -12.8821 
vt 9.9446 -13.1179 
vt 9.9446 -12.8821 
vt 10.0554 -13.1179 
vt 10.0554 -12.8821 
vt 9.8893 -12.9446 
vt 10.1107 -12.9446 
vt 9.8893 -13.0554 
vt 10.1107 -13.0554 
vt 10.1107 -13.125 
vt 10.125 -13.1179 
vt 10.1107 -13.1179 
vt 10.1107 -12.875 
vt 10.1107 -12.8821 
vt 10.125 -12.8821 
vt 9.8893 -12.875 
vt 10.1107 -12.875 
vt 9.8893 -12.8821 
vt 10.1107 -12.8821 
vt 10.1107 -13.125 
vt 9.8893 -13.125 
vt 10.1107 -13.1179 
vt 9.8893 -13.1179 
vt 9.8893 -12.8821 
vt 10.1107 -13.1179 
vt 10.1107 -12.8821 
vt 9.8893 -13.1179 
vt 10.125 -13.1179 
vt 10.125 -12.8821 

usemtl Lleg1Mtl

f 1071/1071/1071 1072/1072/1072 1073/1073/1073 
f 1074/1074/1074 1075/1075/1075 1076/1076/1076 
f 1077/1077/1077 1074/1074/1074 1076/1076/1076 
f 1076/1076/1076 1078/1078/1078 1077/1077/1077 
f 1079/1079/1079 1080/1080/1080 1081/1081/1081 
f 1081/1081/1081 1082/1082/1082 1079/1079/1079 
f 1082/1082/1082 1081/1081/1081 1083/1083/1083 
f 1082/1082/1082 1083/1083/1083 1084/1084/1084 
f 1087/1087/1087 1086/1086/1086 1085/1085/1085 
f 1086/1086/1086 1087/1087/1087 1088/1088/1088 
f 1091/1091/1091 1090/1090/1090 1089/1089/1089 
f 1090/1090/1090 1091/1091/1091 1092/1092/1092 
f 1093/1093/1093 1092/1092/1092 1091/1091/1091 
f 1093/1093/1093 1094/1094/1094 1092/1092/1092 
f 1095/1095/1095 1096/1096/1096 1097/1097/1097 
f 1095/1095/1095 1097/1097/1097 1098/1098/1098 
f 1099/1099/1099 1100/1100/1100 1101/1101/1101 
f 1102/1102/1102 1103/1103/1103 1104/1104/1104 
f 1107/1107/1107 1106/1106/1106 1105/1105/1105 
f 1107/1107/1107 1108/1108/1108 1106/1106/1106 
f 1109/1109/1109 1110/1110/1110 1111/1111/1111 
f 1110/1110/1110 1109/1109/1109 1112/1112/1112 
f 1115/1115/1115 1114/1114/1114 1113/1113/1113 
f 1114/1114/1114 1115/1115/1115 1116/1116/1116 
f 1116/1116/1116 1115/1115/1115 1117/1117/1117 
f 1117/1117/1117 1118/1118/1118 1116/1116/1116 
f 1120/1120/1120 1121/1121/1121 1119/1119/1119 
f 1119/1119/1119 1122/1122/1122 1120/1120/1120 
f 1124/1124/1124 1125/1125/1125 1123/1123/1123 
f 1125/1125/1125 1124/1124/1124 1126/1126/1126 
f 1128/1128/1128 1127/1127/1127 1129/1129/1129 
f 1128/1128/1128 1129/1129/1129 1130/1130/1130 
f 1133/1133/1133 1132/1132/1132 1131/1131/1131 
f 1133/1133/1133 1134/1134/1134 1132/1132/1132 
f 1135/1135/1135 1136/1136/1136 1137/1137/1137 
f 1138/1138/1138 1139/1139/1139 1140/1140/1140 
f 1143/1143/1143 1142/1142/1142 1141/1141/1141 
f 1142/1142/1142 1143/1143/1143 1144/1144/1144 
f 1147/1147/1147 1146/1146/1146 1145/1145/1145 
f 1147/1147/1147 1148/1148/1148 1146/1146/1146 
f 1149/1149/1149 1150/1150/1150 1151/1151/1151 
f 1150/1150/1150 1149/1149/1149 1152/1152/1152 
f 1151/1151/1151 1150/1150/1150 1153/1153/1153 
f 1153/1153/1153 1154/1154/1154 1151/1151/1151 

g Rarm1

v 1.9428 0.942896 -0.5 
v 1.9428 0.999909 -0.443226 
v 2 0.942896 -0.443226 
v 1.9428 0.999909 0.443227 
v 1.9428 0.942896 0.5 
v 2 0.942896 0.443227 
v 1.9428 0.999909 -0.443226 
v 2 0.942896 -0.443226 
v 1.9428 -1.00009 -0.443226 
v 1.9428 -0.943079 -0.5 
v 2 -0.943079 -0.443226 
v 1.9428 -1.00009 0.443227 
v 2 -0.943079 0.443227 
v 1.9428 -0.943079 0.5 
v 1.9428 0.942896 -0.5 
v 1.9428 -0.943079 -0.5 
v 2 0.942896 -0.443226 
v 2 -0.943079 -0.443226 
v 1.9428 -0.943079 0.5 
v 1.9428 0.942896 0.5 
v 2 -0.943079 0.443227 
v 2 0.942896 0.443227 
v 2 -0.943079 -0.443226 
v 2 0.942896 -0.443226 
v 1.9428 0.999909 -0.443226 
v 1.0572 0.999909 -0.443226 
v 1.0572 0.999909 0.443227 
v 1.9428 0.999909 0.443227 
v 1.0572 -1.00009 0.443227 
v 1.0572 -0.943079 0.5 
v 1 -0.943079 0.443227 
v 1.0572 0.999909 0.443227 
v 1 0.942896 0.443227 
v 1.0572 0.942896 0.5 
v 1.0572 0.999909 0.443227 
v 1.9428 0.999909 0.443227 
v 1.0572 0.942896 0.5 
v 1.9428 0.942896 0.5 
v 1.9428 -0.943079 0.5 
v 1.0572 -1.00009 0.443227 
v 1.9428 -1.00009 0.443227 
v 1.0572 -0.943079 0.5 
v 1 -0.943079 0.443227 
v 1 0.942896 0.443227 
v 1.0572 -0.943079 0.5 
v 1.0572 0.942896 0.5 
v 1.9428 -0.943079 0.5 
v 1.9428 0.942896 0.5 
v 1.0572 -1.00009 -0.443226 
v 1 -0.943079 0.443227 
v 1 -0.943079 -0.443226 
v 1.0572 -1.00009 0.443227 
v 1.0572 0.999909 -0.443226 
v 1 0.942896 -0.443226 
v 1.0572 0.999909 0.443227 
v 1 0.942896 0.443227 
v 1 -0.943079 -0.443226 
v 1 0.942896 -0.443226 
v 1 -0.943079 0.443227 
v 1 0.942896 0.443227 
v 1.0572 -1.00009 0.443227 
v 1.9428 -1.00009 0.443227 
v 1.0572 -1.00009 -0.443226 
v 1.9428 -1.00009 -0.443226 
v 1.0572 -1.00009 -0.443226 
v 1 -0.943079 -0.443226 
v 1.0572 -0.943079 -0.5 
v 1.0572 0.999909 -0.443226 
v 1.0572 0.942896 -0.5 
v 1 0.942896 -0.443226 
v 1.9428 0.999909 -0.443226 
v 1.0572 0.999909 -0.443226 
v 1.9428 0.942896 -0.5 
v 1.0572 0.942896 -0.5 
v 1.0572 -1.00009 -0.443226 
v 1.9428 -1.00009 -0.443226 
v 1.0572 -0.943079 -0.5 
v 1.9428 -0.943079 -0.5 
v 1.9428 0.942896 -0.5 
v 1.0572 -0.943079 -0.5 
v 1.0572 0.942896 -0.5 
v 1.9428 -0.943079 -0.5 
v 1 -0.943079 -0.443226 
v 1 0.942896 -0.443226 

vn 0.338583 0.338583 -0.874016 
vn 0.338583 0.874016 -0.346457 
vn 0.874016 0.338583 -0.346457 
vn 0.338583 0.874016 0.346457 
vn 0.338583 0.338583 0.874016 
vn 0.874016 0.338583 0.346457 
vn 0.338583 0.874016 -0.346457 
vn 0.874016 0.338583 -0.346457 
vn 0.338583 -0.874016 -0.346457 
vn 0.338583 -0.338583 -0.874016 
vn 0.874016 -0.338583 -0.346457 
vn 0.338583 -0.874016 0.346457 
vn 0.874016 -0.338583 0.346457 
vn 0.338583 -0.338583 0.874016 
vn 0.338583 0.338583 -0.874016 
vn 0.338583 -0.338583 -0.874016 
vn 0.874016 0.338583 -0.346457 
vn 0.874016 -0.338583 -0.346457 
vn 0.338583 -0.338583 0.874016 
vn 0.338583 0.338583 0.874016 
vn 0.874016 -0.338583 0.346457 
vn 0.874016 0.338583 0.346457 
vn 0.874016 -0.338583 -0.346457 
vn 0.874016 0.338583 -0.346457 
vn 0.338583 0.874016 -0.346457 
vn -0.338583 0.874016 -0.346457 
vn -0.338583 0.874016 0.346457 
vn 0.338583 0.874016 0.346457 
vn -0.338583 -0.874016 0.346457 
vn -0.338583 -0.338583 0.874016 
vn -0.874016 -0.338583 0.346457 
vn -0.338583 0.874016 0.346457 
vn -0.874016 0.338583 0.346457 
vn -0.338583 0.338583 0.874016 
vn -0.338583 0.874016 0.346457 
vn 0.338583 0.874016 0.346457 
vn -0.338583 0.338583 0.874016 
vn 0.338583 0.338583 0.874016 
vn 0.338583 -0.338583 0.874016 
vn -0.338583 -0.874016 0.346457 
vn 0.338583 -0.874016 0.346457 
vn -0.338583 -0.338583 0.874016 
vn -0.874016 -0.338583 0.346457 
vn -0.874016 0.338583 0.346457 
vn -0.338583 -0.338583 0.874016 
vn -0.338583 0.338583 0.874016 
vn 0.338583 -0.338583 0.874016 
vn 0.338583 0.338583 0.874016 
vn -0.338583 -0.874016 -0.346457 
vn -0.874016 -0.338583 0.346457 
vn -0.874016 -0.338583 -0.346457 
vn -0.338583 -0.874016 0.346457 
vn -0.338583 0.874016 -0.346457 
vn -0.874016 0.338583 -0.346457 
vn -0.338583 0.874016 0.346457 
vn -0.874016 0.338583 0.346457 
vn -0.874016 -0.338583 -0.346457 
vn -0.874016 0.338583 -0.346457 
vn -0.874016 -0.338583 0.346457 
vn -0.874016 0.338583 0.346457 
vn -0.338583 -0.874016 0.346457 
vn 0.338583 -0.874016 0.346457 
vn -0.338583 -0.874016 -0.346457 
vn 0.338583 -0.874016 -0.346457 
vn -0.338583 -0.874016 -0.346457 
vn -0.874016 -0.338583 -0.346457 
vn -0.338583 -0.338583 -0.874016 
vn -0.338583 0.874016 -0.346457 
vn -0.338583 0.338583 -0.874016 
vn -0.874016 0.338583 -0.346457 
vn 0.338583 0.874016 -0.346457 
vn -0.338583 0.874016 -0.346457 
vn 0.338583 0.338583 -0.874016 
vn -0.338583 0.338583 -0.874016 
vn -0.338583 -0.874016 -0.346457 
vn 0.338583 -0.874016 -0.346457 
vn -0.338583 -0.338583 -0.874016 
vn 0.338583 -0.338583 -0.874016 
vn 0.338583 0.338583 -0.874016 
vn -0.338583 -0.338583 -0.874016 
vn -0.338583 0.338583 -0.874016 
vn 0.338583 -0.338583 -0.874016 
vn -0.874016 -0.338583 -0.346457 
vn -0.874016 0.338583 -0.346457 

vt 6.0625 -46.8821 
vt 6.0554 -46.875 
vt 6.0554 -46.8821 
vt 5.9446 -46.875 
vt 5.9375 -46.8821 
vt 5.9446 -46.8821 
vt 6.0554 -46.875 
vt 6.0554 -46.8821 
vt 6.0554 -47.125 
vt 6.0625 -47.1179 
vt 6.0554 -47.1179 
vt 5.9446 -47.125 
vt 5.9446 -47.1179 
vt 5.9375 -47.1179 
vt 6.0625 -46.8821 
vt 6.0625 -47.1179 
vt 6.0554 -46.8821 
vt 6.0554 -47.1179 
vt 5.9375 -47.1179 
vt 5.9375 -46.8821 
vt 5.9446 -47.1179 
vt 5.9446 -46.8821 
vt 6.0554 -47.1179 
vt 6.0554 -46.8821 
vt 5.94465 -47.0554 
vt 6.05535 -47.0554 
vt 6.05535 -46.9446 
vt 5.94465 -46.9446 
vt 5.94465 -47.125 
vt 5.94465 -47.1179 
vt 5.9375 -47.1179 
vt 5.94465 -46.875 
vt 5.9375 -46.8821 
vt 5.94465 -46.8821 
vt 5.94465 -46.875 
vt 6.05535 -46.875 
vt 5.94465 -46.8821 
vt 6.05535 -46.8821 
vt 6.05535 -47.1179 
vt 5.94465 -47.125 
vt 6.05535 -47.125 
vt 5.94465 -47.1179 
vt 5.9375 -47.1179 
vt 5.9375 -46.8821 
vt 5.94465 -47.1179 
vt 5.94465 -46.8821 
vt 6.05535 -47.1179 
vt 6.05535 -46.8821 
vt 5.9446 -47.125 
vt 6.0554 -47.1179 
vt 5.9446 -47.1179 
vt 6.0554 -47.125 
vt 5.9446 -46.875 
vt 5.9446 -46.8821 
vt 6.0554 -46.875 
vt 6.0554 -46.8821 
vt 5.9446 -47.1179 
vt 5.9446 -46.8821 
vt 6.0554 -47.1179 
vt 6.0554 -46.8821 
vt 5.94465 -46.9446 
vt 6.05535 -46.9446 
vt 5.94465 -47.0554 
vt 6.05535 -47.0554 
vt 6.05535 -47.125 
vt 6.0625 -47.1179 
vt 6.05535 -47.1179 
vt 6.05535 -46.875 
vt 6.05535 -46.8821 
vt 6.0625 -46.8821 
vt 5.94465 -46.875 
vt 6.05535 -46.875 
vt 5.94465 -46.8821 
vt 6.05535 -46.8821 
vt 6.05535 -47.125 
vt 5.94465 -47.125 
vt 6.05535 -47.1179 
vt 5.94465 -47.1179 
vt 5.94465 -46.8821 
vt 6.05535 -47.1179 
vt 6.05535 -46.8821 
vt 5.94465 -47.1179 
vt 6.0625 -47.1179 
vt 6.0625 -46.8821 

usemtl Lleg1Mtl

f 1155/1155/1155 1156/1156/1156 1157/1157/1157 
f 1158/1158/1158 1159/1159/1159 1160/1160/1160 
f 1161/1161/1161 1158/1158/1158 1160/1160/1160 
f 1160/1160/1160 1162/1162/1162 1161/1161/1161 
f 1163/1163/1163 1164/1164/1164 1165/1165/1165 
f 1165/1165/1165 1166/1166/1166 1163/1163/1163 
f 1166/1166/1166 1165/1165/1165 1167/1167/1167 
f 1166/1166/1166 1167/1167/1167 1168/1168/1168 
f 1171/1171/1171 1170/1170/1170 1169/1169/1169 
f 1170/1170/1170 1171/1171/1171 1172/1172/1172 
f 1175/1175/1175 1174/1174/1174 1173/1173/1173 
f 1174/1174/1174 1175/1175/1175 1176/1176/1176 
f 1177/1177/1177 1176/1176/1176 1175/1175/1175 
f 1177/1177/1177 1178/1178/1178 1176/1176/1176 
f 1179/1179/1179 1180/1180/1180 1181/1181/1181 
f 1179/1179/1179 1181/1181/1181 1182/1182/1182 
f 1183/1183/1183 1184/1184/1184 1185/1185/1185 
f 1186/1186/1186 1187/1187/1187 1188/1188/1188 
f 1191/1191/1191 1190/1190/1190 1189/1189/1189 
f 1191/1191/1191 1192/1192/1192 1190/1190/1190 
f 1193/1193/1193 1194/1194/1194 1195/1195/1195 
f 1194/1194/1194 1193/1193/1193 1196/1196/1196 
f 1199/1199/1199 1198/1198/1198 1197/1197/1197 
f 1198/1198/1198 1199/1199/1199 1200/1200/1200 
f 1200/1200/1200 1199/1199/1199 1201/1201/1201 
f 1201/1201/1201 1202/1202/1202 1200/1200/1200 
f 1204/1204/1204 1205/1205/1205 1203/1203/1203 
f 1203/1203/1203 1206/1206/1206 1204/1204/1204 
f 1208/1208/1208 1209/1209/1209 1207/1207/1207 
f 1209/1209/1209 1208/1208/1208 1210/1210/1210 
f 1212/1212/1212 1211/1211/1211 1213/1213/1213 
f 1212/1212/1212 1213/1213/1213 1214/1214/1214 
f 1217/1217/1217 1216/1216/1216 1215/1215/1215 
f 1217/1217/1217 1218/1218/1218 1216/1216/1216 
f 1219/1219/1219 1220/1220/1220 1221/1221/1221 
f 1222/1222/1222 1223/1223/1223 1224/1224/1224 
f 1227/1227/1227 1226/1226/1226 1225/1225/1225 
f 1226/1226/1226 1227/1227/1227 1228/1228/1228 
f 1231/1231/1231 1230/1230/1230 1229/1229/1229 
f 1231/1231/1231 1232/1232/1232 1230/1230/1230 
f 1233/1233/1233 1234/1234/1234 1235/1235/1235 
f 1234/1234/1234 1233/1233/1233 1236/1236/1236 
f 1235/1235/1235 1234/1234/1234 1237/1237/1237 
f 1237/1237/1237 1238/1238/1238 1235/1235/1235 

